,lon,lat,BestGW,SF,NumberOfSensors,NumGWs
0,49.81608239933839,9.963393299984267,98,7,1,3
1,49.82200599932769,9.9402933999844,172,10,1,3
2,49.81407999932759,9.939633099984418,98,12,1,2
3,49.775813599332544,9.949010499984388,431,7,1,2
4,49.791381599318896,9.916864799984625,630,10,1,1
5,49.793088999329875,9.94386099998442,630,7,1,1
6,49.812094599345535,9.977387799984196,159,7,1,2
7,49.81179079934537,9.977066999984194,159,7,1,2
8,49.78124819934406,9.97324479998425,52,7,1,3
9,49.78124809934414,9.973391999984242,52,7,1,3
10,49.78124829934405,9.973212799984251,52,7,1,3
11,49.78124929934384,9.972785699984245,52,7,1,3
12,49.78122949934416,9.973435199984257,52,7,1,3
13,49.78124809934411,9.973314199984236,52,7,1,3
14,49.78124899934391,9.97291689998425,52,7,1,3
15,49.78122629934387,9.972860299984244,52,7,1,3
16,49.78124919934385,9.97282219998425,52,7,1,3
17,49.78122869934398,9.973051699984254,52,7,1,3
18,49.7812299993441,9.97332109998424,52,7,1,3
19,49.78123039934406,9.97323069998425,52,7,1,3
20,49.78124819934409,9.973280299984252,52,7,1,3
21,49.78124879934394,9.973003899984239,52,7,1,3
22,49.78124859934398,9.973077999984248,52,7,1,3
23,49.781227499343935,9.97298269998426,52,7,1,3
24,49.781230699344036,9.973169999984256,52,7,1,3
25,49.78124909934388,9.97286599998425,52,7,1,3
26,49.7812265993439,9.972933299984254,52,7,1,3
27,49.78124839934403,9.973178399984253,52,7,1,3
28,49.78122979934412,9.973369399984245,52,7,1,3
29,49.77954259932781,9.938435199984461,431,9,1,2
30,49.76189639933865,9.961473399984332,431,9,1,2
31,49.79284989932644,9.93582719998448,630,7,1,1
32,49.791544299339876,9.96532379998428,52,8,1,3
33,49.761565199330875,9.944548599984426,431,9,1,2
34,49.779567399327895,9.938595699984473,431,9,1,2
35,49.788722899328675,9.940904799984441,630,7,1,1
36,49.78865699932869,9.940890199984423,630,7,1,1
37,49.788693899328976,9.94157829998442,630,7,1,1
38,49.78911449932898,9.941614699984425,630,7,1,1
39,49.788134599328686,9.940874699984427,630,7,1,1
40,49.78827389932869,9.940909699984438,630,7,1,1
41,49.78597309932823,9.939704799984455,630,7,1,1
42,49.791289399330616,9.945480499984399,630,7,1,1
43,49.79248239933188,9.948384199984387,630,7,1,1
44,49.79255389933184,9.948244199984392,630,7,1,1
45,49.79262329933129,9.947035899984382,630,7,1,1
46,49.7925811993312,9.946853599984381,630,7,1,1
47,49.79293969933106,9.946520599984387,630,7,1,1
48,49.79307839933106,9.94653629998438,630,7,1,1
49,49.79280009933168,9.947899699984392,630,7,1,1
50,49.79292099933173,9.947999299984389,630,7,1,1
51,49.80728999932903,9.942591899984418,630,11,1,1
52,49.78632829934555,9.976314999984224,52,7,1,4
53,49.808604799323845,9.930404499984506,630,12,1,1
54,49.799630599331145,9.947053599984383,630,8,1,1
55,49.78570509933062,9.945187899984402,630,7,1,1
56,49.751551499347464,9.978536399984243,871,12,1,3
57,49.751488099347505,9.978587899984257,871,12,1,3
58,49.751424799347525,9.978639499984242,871,12,1,3
59,49.773389499327784,9.938050399984462,431,8,1,2
60,49.779311399341935,9.968944899984269,52,7,1,3
61,49.78545599934531,9.975845699984234,52,7,1,4
62,49.79390579932446,9.931139099984495,630,7,1,1
63,49.78311009932469,9.931121299984522,630,8,1,1
64,49.78309699932465,9.931032099984504,630,8,1,1
65,49.787999899324376,9.93064419998452,630,7,1,1
66,49.81050939935299,9.991123399984142,159,7,1,2
67,49.788684599347704,9.980525099984202,52,7,1,3
68,49.80190759931587,9.909308599984676,322,9,1,2
69,49.766169048623986,9.93174567801787,431,11,1,2
70,49.76595775911064,9.931473367255968,431,11,1,2
71,49.76623837428157,9.932111417118264,431,10,1,2
72,49.76542555667545,9.932884711140396,431,10,1,2
73,49.765040903178104,9.933452834021184,431,10,1,2
74,49.76475605774008,9.932827171072038,431,11,1,2
75,49.764549613147196,9.932105499767271,431,11,1,2
76,49.764844385078256,9.932462181595355,431,11,1,2
77,49.78028608937499,9.971267475189793,52,7,1,3
78,49.77970576765381,9.970889839744213,52,7,1,3
79,49.78975620802591,9.920792783127593,630,9,1,1
80,49.789621441193695,9.919012419754575,630,9,1,1
81,49.78968610563703,9.91787668514554,630,10,1,1
82,49.81550409211033,9.98032803836351,159,7,1,2
83,49.81500231120121,9.98140473265682,159,7,1,2
84,49.81634449408194,9.980986956702397,159,8,1,2
85,49.81676441938043,9.981195785499715,159,8,1,2
86,49.815937949423244,9.980894550211623,159,8,1,2
87,49.81638266311077,9.982831026182748,159,8,1,2
88,49.81702501164409,9.982963135056353,159,8,1,2
89,49.81105373666792,9.976594883118267,159,7,1,2
90,49.811414924232686,9.976075538401922,159,7,1,2
91,49.81231065838829,9.976979421710054,159,7,1,2
92,49.76580418125884,9.931280330654577,431,11,1,2
93,49.76590633952822,9.932411079787277,431,10,1,2
94,49.764146229890265,9.931973704554904,431,11,1,2
95,49.81286489628709,9.977757658514511,159,7,1,2
96,49.81034780744411,9.984549919008387,159,7,1,2
97,49.78960326299426,9.935713898565893,630,7,1,1
98,49.823263755344556,9.960518438044161,98,7,1,3
99,49.78819359771994,9.935258071837556,630,7,1,1
100,49.785801323267165,9.93390039096716,630,7,1,1
101,49.78225441219151,9.971747881060136,52,7,1,3
102,49.78119474433464,9.973312328882084,52,7,1,3
103,49.78150985267996,9.971878003079933,52,7,1,3
104,49.78188086211418,9.972475308437044,52,7,1,3
105,49.78286867661574,9.971907751945846,52,7,1,3
106,49.78185373165231,9.974881550425728,52,7,1,4
107,49.7562242686879,9.943447934030551,170,9,1,3
108,49.78424494512908,9.965898621850707,52,7,1,3
109,49.782469895178046,9.970140692054843,52,7,1,3
110,49.809002027547315,9.992073073443809,159,7,1,2
111,49.81707697075663,9.983560366170565,159,9,1,2
112,49.793407525271036,9.932400970049018,630,7,1,1
113,49.79446095941051,9.908663809343842,322,10,1,2
114,49.796934754650074,9.94644381433128,630,7,1,1
115,49.796366047015816,9.94894344408941,630,7,1,1
116,49.797005181553565,9.931402943047633,630,7,1,1
117,49.79375146409686,9.934783974082809,630,7,1,1
118,49.796772934981924,9.990978804942273,830,8,1,3
119,49.8019883106837,9.9719522138779,159,7,1,2
120,49.802033230330494,9.973524815362145,159,7,1,2
121,49.80210209913985,9.973948550049506,159,7,1,2
122,49.7949890829041,9.939414422045093,630,7,1,1
123,49.823376099356516,9.97259280000615,98,7,1,3
124,49.80078037906877,9.939392053207555,630,8,1,1
125,49.78008949828998,9.971303473684285,52,7,1,3
126,49.7950634638601,9.930032040388152,630,7,1,1
127,49.80062776516654,9.969417592957553,159,8,1,2
128,49.800304705620334,9.968259787933494,159,8,1,2
129,49.80027691586374,9.966990928849288,159,9,1,2
130,49.80091849152843,9.966426336214152,159,9,1,2
131,49.80120170396735,9.966992358895117,159,8,1,2
132,49.800860036775624,9.967317018125566,159,8,1,2
133,49.80102772174941,9.968244814454453,159,8,1,2
134,49.801538381173565,9.968264145705787,159,8,1,2
135,49.80130319547696,9.967926547426623,159,8,1,2
136,49.801165790736974,9.969543555833319,159,8,1,2
137,49.801396370046355,9.969903968659978,159,7,1,2
138,49.80170422416325,9.969490140506737,159,7,1,2
139,49.80179679322094,9.968826350677684,159,8,1,2
140,49.80220607134454,9.968750331095473,159,7,1,2
141,49.80212428893087,9.969536455321478,159,7,1,2
142,49.8023929554452,9.969116100897862,159,7,1,2
143,49.802827674087126,9.947578293224936,630,9,1,1
144,49.80977718211495,9.957650568108933,98,10,1,3
145,49.81321105829081,9.960333106952548,98,8,1,3
146,49.80756978270212,9.953163590836127,98,12,1,3
147,49.80465599365108,9.959272195190247,159,10,1,2
148,49.79776569830064,9.944672923559233,630,7,1,1
149,49.798201424248425,9.945311818595924,630,7,1,1
150,49.79818017315734,9.944583562097746,630,7,1,1
151,49.79906886768743,9.944673290718496,630,7,1,1
152,49.7985007458925,9.944214903752846,630,7,1,1
153,49.79808853052605,9.949748109491626,630,8,1,1
154,49.798277267383014,9.950530318591685,630,9,1,1
155,49.79788752720512,9.950835259290127,630,8,1,1
156,49.798644216954976,9.945312698734993,630,7,1,1
157,49.79907392745929,9.943964556334857,630,7,1,1
158,49.81328995687288,9.880083165172813,322,10,1,2
159,49.80677820136076,9.980157483562833,159,7,1,2
160,49.79735014601497,9.97854687573262,159,8,1,2
161,49.76547736496998,9.9447730906261,431,8,1,2
162,49.79683219704123,9.941815463818578,630,7,1,1
163,49.766310239921154,9.93150189708677,431,11,1,2
164,49.82052424808383,9.963829145453348,98,7,1,3
165,49.78719648157936,9.933201680349072,630,7,1,1
166,49.79567760254518,9.937779631279051,630,7,1,1
167,49.79937246220989,9.952090342742588,630,9,1,1
168,49.79861199498062,9.949120514766896,630,8,1,1
169,49.79794730212309,9.949142495993517,630,8,1,1
170,49.745084999292956,9.938372899977175,170,7,1,4
171,49.769773049326396,9.933036599985828,431,10,1,2
172,49.82646577583081,9.921201491041495,172,7,1,4
173,49.82227339868913,9.983514225420864,98,10,1,3
174,49.802557520576435,9.957334745408112,159,11,1,2
175,49.80239091929847,9.957330673438479,159,11,1,2
176,49.80291044946628,9.95831058991053,159,10,1,2
177,49.8026508396715,9.958030518435642,159,10,1,2
178,49.80311655639038,9.957341805374114,159,10,1,2
179,49.8023042567628,9.958550627880152,159,10,1,2
180,49.80198713753415,9.958466371020513,159,10,1,2
181,49.802561849301874,9.95861904989578,159,10,1,2
182,49.802823021469436,9.958710211230768,159,10,1,2
183,49.80371051595762,9.957838001237127,159,10,1,2
184,49.80398508630611,9.958332977033967,159,10,1,2
185,49.80172000815546,9.956977626209435,159,11,1,2
186,49.80048914980833,9.953042100281577,630,10,1,1
187,49.80070292453162,9.953356493642117,630,10,1,1
188,49.80061152446634,9.95338356917625,630,10,1,1
189,49.800826984337725,9.953796304639623,630,10,1,1
190,49.80046020636495,9.954587981941259,630,10,1,1
191,49.80026518090325,9.954932689033893,630,10,1,1
192,49.80022174947941,9.955265350046323,630,10,1,1
193,49.80018395230518,9.95565719420044,630,10,1,1
194,49.800362026270946,9.956132677347886,630,10,1,1
195,49.8005157103101,9.956978435728537,630,10,1,1
196,49.800018314711366,9.957665456969192,630,11,1,1
197,49.80085984095335,9.958398374607759,159,11,1,2
198,49.800864549338975,9.959048750008042,159,10,1,2
199,49.80108203589179,9.95932446777806,159,10,1,2
200,49.80162034919828,9.959321500032791,159,10,1,2
201,49.80248487780738,9.959439843156458,159,10,1,2
202,49.801563100696235,9.958760845763864,159,10,1,2
203,49.803486903050384,9.960115230715617,159,10,1,2
204,49.80422616244676,9.959885799414094,159,10,1,2
205,49.80482904961844,9.959992418352464,159,10,1,2
206,49.80082899931634,9.956543799975211,630,10,1,1
207,49.801060597111935,9.9563441234808,630,10,1,1
208,49.80092861851917,9.956037950726286,630,10,1,1
209,49.800994963977125,9.955607580734604,630,10,1,1
210,49.80299150017196,9.955614649974823,630,11,1,1
211,49.80342920205045,9.955410700434992,630,12,1,1
212,49.80381201292535,9.955960220729244,159,11,1,2
213,49.80912919657391,9.95836304488837,98,10,1,3
214,49.80890704937483,9.957186449990076,98,10,1,3
215,49.8092720991772,9.956704924563391,98,10,1,3
216,49.809304149336064,9.957937649983576,98,10,1,3
217,49.801511215099715,9.954744817105894,630,10,1,1
218,49.80124349932075,9.954618999936248,630,10,1,1
219,49.80092254932816,9.954601499949703,630,10,1,1
220,49.8008900719044,9.95512180502611,630,10,1,1
221,49.80080801976705,9.955414171631991,630,10,1,1
222,49.80072419939249,9.958203349926595,159,11,1,2
223,49.80152478877625,9.956377985452978,630,11,1,1
224,49.78046199182385,9.946505228015328,431,8,1,2
225,49.795635471875265,9.98332972372743,52,8,1,3
226,49.795040760271924,9.990550829577819,830,8,1,4
227,49.795475449357085,9.990507099990568,830,8,1,4
228,49.79545374851316,9.990666883875079,830,8,1,4
229,49.794334391123414,9.991751713502017,830,7,1,4
230,49.79380120273865,9.991347495688604,830,7,1,4
231,49.792739008199405,9.991816599883165,830,7,1,4
232,49.79859102855643,9.957755850076996,630,10,1,1
233,49.79885175305072,9.958335531460406,630,10,1,1
234,49.79845302708711,9.957448504435007,630,10,1,1
235,49.79801360237433,9.955801163700048,630,10,1,1
236,49.79796605598104,9.958333156531829,630,10,1,1
237,49.82303289936592,9.968716449979866,98,7,1,3
238,49.82297992121786,9.968382235107294,98,7,1,3
239,49.82310137866936,9.969171263744261,98,7,1,3
240,49.82322108765305,9.970197212760871,98,7,1,3
241,49.82327734913899,9.972338442626674,98,7,1,3
242,49.82314645080472,9.971709253796718,98,7,1,3
243,49.82265359934919,9.969350999984854,98,7,1,3
244,49.82267914576071,9.969754830110023,98,7,1,3
245,49.82288739935599,9.970058299988484,98,7,1,3
246,49.823016670853846,9.969822928548334,98,7,1,3
247,49.82289004935734,9.969218549983477,98,7,1,3
248,49.82285673927682,9.969015470392526,98,7,1,3
249,49.768892979985175,9.933532874611485,431,10,1,2
250,49.73207846817925,9.968220564126893,871,7,1,3
251,49.73187096671767,9.96785511824069,871,7,1,3
252,49.73166690839928,9.967500034645175,871,7,1,3
253,49.732216127576145,9.968700696233332,871,7,1,3
254,49.73310174448323,9.967458396077417,871,7,1,3
255,49.73191556870422,9.967271217872412,871,7,1,3
256,49.731636349276584,9.965215050491103,871,7,1,3
257,49.73157913677876,9.957118583651091,871,7,1,3
258,49.729668894051606,9.962329579945637,871,7,1,3
259,49.7873012139267,9.938854621599276,630,7,1,1
260,49.787097288315834,9.938341918234633,630,7,1,1
261,49.787318311704084,9.938220537977443,630,7,1,1
262,49.78746982774068,9.938465871226652,630,7,1,1
263,49.787700126313496,9.93880624455784,630,7,1,1
264,49.78763391917552,9.939214465627622,630,7,1,1
265,49.78788680896267,9.938337845158905,630,7,1,1
266,49.78558087706419,9.932850546625842,630,7,1,1
267,49.799521074907666,9.962907386540733,159,10,1,2
268,49.79943521108273,9.962432112234513,159,10,1,2
269,49.79879219933219,9.959023150049253,630,11,1,1
270,49.79547649942193,10.001520649463968,830,7,1,3
271,49.79541082906411,9.91259502374625,322,10,1,2
272,49.794814559777855,9.912828629916799,322,11,1,2
273,49.79618911833139,9.916400463473845,630,10,1,1
274,49.783352861236416,9.933840996171112,630,8,1,1
275,49.78230579522475,9.9335821396802,630,8,1,1
276,49.78203258960234,9.934754973421088,630,8,1,1
277,49.77467452849607,9.957609432846905,431,7,1,2
278,49.774825019871344,9.958406480957066,431,7,1,2
279,49.77536144545111,9.958212030248495,431,7,1,2
280,49.77899043444667,9.966159319135654,52,8,1,3
281,49.77933779643559,9.966321800036138,52,8,1,3
282,49.77970913305736,9.965792685554153,52,8,1,3
283,49.779328549358944,9.965732299983948,52,8,1,3
284,49.779968149293076,9.966164012706482,52,8,1,3
285,49.7840835072137,9.941825494339907,630,7,1,1
286,49.78374945418382,9.941826820266158,630,8,1,1
287,49.78369809937681,9.941359049984806,630,8,1,1
288,49.821793899338346,9.969805100021913,98,7,1,3
289,49.821541599347825,9.97010874998623,98,7,1,3
290,49.82150659934974,9.97060164998444,98,7,1,3
291,49.82132524770388,9.96920118026749,98,7,1,3
292,49.82121644866989,9.969677715424261,98,7,1,3
293,49.82122690364656,9.970087374864478,98,7,1,3
294,49.82094500240381,9.971069159864493,98,7,1,3
295,49.82099354933542,9.969954749984119,98,7,1,3
296,49.82087529936629,9.96942884997051,98,7,1,3
297,49.8206205928249,9.970896021001987,98,7,1,3
298,49.82127713188171,9.9707129129179,98,7,1,3
299,49.79667414332138,9.908170597377541,322,9,1,2
300,49.79517144388474,9.938892628394592,630,7,1,1
301,49.79392760368739,9.938297225089409,630,7,1,1
302,49.7938047975197,9.938963205658471,630,7,1,1
303,49.79846590589538,9.932020264160247,630,7,1,1
304,49.798958993240106,9.929763629431667,630,7,1,1
305,49.79926212056678,9.932139590187724,630,7,1,1
306,49.80334998662986,9.938007049682554,630,9,1,1
307,49.80295749947852,9.939157241879878,630,9,1,1
308,49.8027331809544,9.938449135337123,630,9,1,1
309,49.802715702483205,9.938963378381622,630,9,1,1
310,49.80213857035215,9.940075837780478,630,8,1,1
311,49.80362573083422,9.939036180927301,630,9,1,1
312,49.80347707176239,9.935532608471137,630,9,1,1
313,49.80155686121714,9.935786475405367,630,8,1,1
314,49.801666089183904,9.933732218823808,630,8,1,1
315,49.8019552535974,9.93164167585649,630,8,1,1
316,49.80276334731953,9.9251035250911,630,10,1,1
317,49.79205132803957,9.946849810184831,630,7,1,1
318,49.78002253740533,9.965264865491717,52,8,1,3
319,49.79296225841406,9.92979466886535,630,7,1,1
320,49.76858056127387,9.943435756718829,431,7,1,2
321,49.766795765248155,9.944270067830805,431,7,1,2
322,49.80357950208173,9.893167407131074,322,7,1,2
323,49.776206082839394,9.941682117724493,431,7,1,2
324,49.785915238940646,9.95210713635051,630,9,1,1
325,49.79589323312463,9.980467971080115,52,8,1,3
326,49.80076037917184,9.997377187696719,830,8,1,3
327,49.79756048986771,9.995480372967952,830,7,1,3
328,49.798558951274785,9.950243817334043,630,9,1,1
329,49.80255623703222,9.947852681231325,630,9,1,1
330,49.73001171197185,9.959873530201008,871,7,1,3
331,49.79985909940999,9.952923450229369,630,10,1,1
332,49.799236164256726,9.933078334406396,630,7,1,1
333,49.79767369297374,9.927739930721629,630,7,1,1
334,49.79848122521581,9.92751767807072,630,8,1,1
335,49.799386526669785,9.926998774886124,630,8,1,1
336,49.79898686619667,9.927053532054682,630,8,1,1
337,49.79940891807623,9.927626958930896,630,8,1,1
338,49.79956619603985,9.927941728729827,630,8,1,1
339,49.799440635825476,9.928366347079653,630,8,1,1
340,49.79952585731352,9.928878215999468,630,8,1,1
341,49.799609652574084,9.929614806328619,630,8,1,1
342,49.799601521367585,9.930349933944665,630,8,1,1
343,49.79992623113152,9.930114152675642,630,8,1,1
344,49.79996921651369,9.930955641516153,630,8,1,1
345,49.79960798864658,9.930903512472955,630,7,1,1
346,49.800011700236404,9.931916116325949,630,7,1,1
347,49.79976549931375,9.93238510001166,630,7,1,1
348,49.79917041796731,9.92811361631543,630,8,1,1
349,49.79852176590157,9.92821217744098,630,7,1,1
350,49.79890430106237,9.928289272764136,630,8,1,1
351,49.823574649358754,9.972103599981347,98,7,1,3
352,49.82365424748583,9.97238993082581,98,7,1,3
353,49.82342744936775,9.97283659998048,98,7,1,3
354,49.82378024940653,9.972901399934763,98,7,1,3
355,49.82346259936788,9.97165579997601,98,7,1,3
356,49.823470499363275,9.973092849992376,98,7,1,3
357,49.80278294919273,9.946122863460294,630,9,1,1
358,49.80313011045607,9.946134297528548,630,9,1,1
359,49.799172052291155,9.945491313415827,630,8,1,1
360,49.79926860795834,9.948096832566288,630,8,1,1
361,49.79916046799326,9.946092429060908,630,8,1,1
362,49.799270602414296,9.954103635572565,630,10,1,1
363,49.79916932763209,9.945270249112586,630,7,1,1
364,49.79912204242154,9.931158173194655,630,7,1,1
365,49.803220894462044,9.939965450203399,630,9,1,1
366,49.802612917861715,9.940420392398185,630,9,1,1
367,49.79517117259348,9.912290781095317,322,10,1,2
368,49.79511302554461,9.912707052569415,322,10,1,2
369,49.794220898458924,9.911528730714862,322,10,1,2
370,49.79462319537348,9.912246331799428,322,11,1,2
371,49.79507788164417,9.912129132677846,322,10,1,2
372,49.79555555669939,9.911372971111177,322,10,1,2
373,49.792079965533986,9.897919649418641,322,9,1,2
374,49.79228214932597,9.897357799986347,322,9,1,2
375,49.792356731170536,9.897033254777716,322,9,1,2
376,49.79245729696495,9.896688620080587,322,9,1,2
377,49.79194554426308,9.897233920630072,322,9,1,2
378,49.79189022481013,9.899488207193603,322,9,1,2
379,49.791540865913696,9.89943977387716,322,10,1,2
380,49.791501749418366,9.89990049999501,322,10,1,2
381,49.792092950241866,9.898688807316656,322,9,1,2
382,49.792116083612406,9.898396414860498,322,9,1,2
383,49.804349399280696,9.931821149972484,630,10,1,1
384,49.799111297521875,9.94507385272091,630,7,1,1
385,49.80484390266665,9.951066125434851,630,11,1,1
386,49.81426984470393,9.961641514332985,98,8,1,3
387,49.83644899401134,9.95979836757002,98,10,1,3
388,49.836418135095826,9.960122650547007,98,10,1,3
389,49.83527392912274,9.954505840391596,98,9,1,3
390,49.835300022429685,9.954346815541115,98,10,1,3
391,49.834968099307844,9.954227549946747,98,9,1,3
392,49.83545315174317,9.954439231631108,98,10,1,3
393,49.8168749160711,9.963247827357263,98,7,1,3
394,49.81635301478585,9.963652508141475,98,7,1,3
395,49.81658792957145,9.963848395535017,98,7,1,3
396,49.81646634534158,9.9637530636632,98,7,1,3
397,49.79055712978924,9.925041064168278,630,7,1,1
398,49.79026823630975,9.92476223799286,630,7,1,1
399,49.79044187951511,9.924678328076752,630,7,1,1
400,49.790889288147234,9.9244184945585,630,7,1,1
401,49.7909748485978,9.924104343721895,630,7,1,1
402,49.7913380788951,9.924298707516161,630,7,1,1
403,49.79183083031794,9.92426600021772,630,7,1,1
404,49.793431296158204,9.92683287956559,630,7,1,1
405,49.789945495882186,9.924754914396228,630,7,1,1
406,49.768960505748794,9.934641348502993,431,9,1,2
407,49.817336755370576,9.902495422605606,322,10,1,2
408,49.80842709938636,10.005891299987297,830,10,1,3
409,49.79232200594462,9.899149143306571,322,9,1,2
410,49.79235314765639,9.899314531035516,322,9,1,2
411,49.79231196307917,9.899473270343353,322,9,1,2
412,49.7923430422089,9.899644899304953,322,9,1,2
413,49.792297249039315,9.899800963876631,322,9,1,2
414,49.79237079936466,9.898972698732802,322,9,1,2
415,49.7899731540164,9.915702311596215,630,10,1,1
416,49.789388699598945,9.915303039113363,630,10,1,1
417,49.79050006937784,9.915744188458714,630,10,1,1
418,49.799682249695124,9.954235200224893,630,10,1,1
419,49.81617131910831,9.963521138843776,98,7,1,3
420,49.81708122385222,9.965657254345109,98,7,1,3
421,49.81700124566316,9.965597939345667,98,7,1,3
422,49.81698771643011,9.965512796107294,98,7,1,3
423,49.81693264924829,9.96545726653574,98,7,1,3
424,49.816900748676005,9.965338344692668,98,7,1,3
425,49.817651425575406,9.966687988784116,98,7,1,3
426,49.81719254934047,9.965897599993092,98,7,1,3
427,49.81717715416451,9.965801816365238,98,7,1,3
428,49.817094551959045,9.965740156087008,98,7,1,3
429,49.77420370633979,9.939956179261097,431,8,1,2
430,49.79511655852211,9.89736109887064,322,8,1,2
431,49.7722437201704,9.95343602335516,431,7,1,2
432,49.792094780545625,9.961666457362428,52,9,1,2
433,49.79144744932935,9.961597099972462,52,9,1,2
434,49.791406318589665,9.963179660699872,52,8,1,2
435,49.791930099261315,9.960209100174728,52,9,1,2
436,49.791984589551646,9.959605050694206,52,9,1,2
437,49.79180294914544,9.961417102703999,52,9,1,2
438,49.79171282822647,9.962006294742139,52,9,1,2
439,49.79185446567172,9.960811872679185,52,9,1,2
440,49.791635851242184,9.962608391293335,52,8,1,2
441,49.80113765503298,9.965624115471707,159,9,1,2
442,49.79004812001504,9.992691358126201,830,7,1,4
443,49.79156842846633,9.963240193281981,52,8,1,2
444,49.791632417819955,9.960753814768841,52,9,1,2
445,49.791409766814006,9.962526364301706,52,8,1,2
446,49.79175681101392,9.959544012511737,52,9,1,2
447,49.79148813032731,9.961939034674508,52,9,1,2
448,49.79170213793365,9.960148430453158,52,9,1,2
449,49.791574678524036,9.961353976009484,52,9,1,2
450,49.79197564934142,9.96116289998472,52,9,1,2
451,49.79123017774718,9.963113856379142,52,8,1,2
452,49.77956255289551,9.965074456478453,52,8,1,3
453,49.79968972536767,9.904287051919018,322,7,1,2
454,49.80013018317279,9.902845590909171,322,7,1,2
455,49.7998362249522,9.904883105085975,322,7,1,2
456,49.800015999322774,9.904988899991201,322,7,1,2
457,49.80110534603437,9.904884599820775,322,7,1,2
458,49.794226797509474,9.928663453455064,630,7,1,1
459,49.80025208414371,9.90442956227968,322,7,1,2
460,49.804716759787624,9.884246983492332,322,7,1,2
461,49.79257746508293,9.92472274289441,630,7,1,1
462,49.781661491609675,9.974862520700825,52,7,1,4
463,49.79635612824488,9.920070919770376,630,9,1,1
464,49.79573674058513,9.920486330363763,630,9,1,1
465,49.810302504216125,9.985835733578433,159,7,1,2
466,49.81062223381432,9.985763121725887,159,7,1,2
467,49.79676409582594,9.996776696150077,830,7,1,3
468,49.7567841237969,9.94372844559505,170,9,1,3
469,49.80566391563015,9.939920009865324,630,10,1,1
470,49.80443453178112,9.939499330407008,630,9,1,1
471,49.7923475870146,9.914667993960869,630,10,1,1
472,49.74959629929886,9.953394799984133,170,9,1,4
473,49.74960728617509,9.95357446881534,170,9,1,4
474,49.747990747756475,9.9616069698755,871,10,1,3
475,49.748987259636216,9.961390119319695,871,10,1,3
476,49.74702686423998,9.961886874546606,871,9,1,3
477,49.805063642856155,9.938847238958267,630,10,1,1
478,49.804771656666446,9.940115770537425,630,10,1,1
479,49.80497781053666,9.939512188027926,630,10,1,1
480,49.804325799365714,9.939994799985524,630,9,1,1
481,49.80447023278607,9.940463242836792,630,9,1,1
482,49.80469439302115,9.939494789146481,630,9,1,1
483,49.780813299344985,9.954538400047264,431,7,1,2
484,49.78088284934422,9.95466485006587,431,7,1,2
485,49.78693131091471,9.937683157577036,630,7,1,1
486,49.77972861225987,9.969332160722532,52,7,1,3
487,49.78002404179334,9.969314106812773,52,7,1,3
488,49.78066365050132,9.967971151304388,52,7,1,3
489,49.780516100439954,9.967283157816818,52,7,1,3
490,49.779954645038835,9.967940843777226,52,7,1,3
491,49.780188043334206,9.968813297703994,52,7,1,3
492,49.78056806585923,9.968625991561202,52,7,1,3
493,49.779284492318425,9.96847184564649,52,7,1,3
494,49.79071864831006,9.937695664077184,630,7,1,1
495,49.77885719298012,9.96568987502206,52,8,1,3
496,49.77969389937192,9.966320349985178,52,8,1,3
497,49.7796039493719,9.96631999998516,52,8,1,3
498,49.779513949371896,9.966319649985193,52,8,1,3
499,49.77987384937187,9.966321049985188,52,8,1,3
500,49.779076949347804,9.965689099985232,52,8,1,3
501,49.77978384937189,9.966320699985145,52,8,1,3
502,49.78736315761393,9.95384757160472,630,9,1,1
503,49.78211781586203,9.974864034324685,52,7,1,4
504,49.78160786818959,9.968215436967915,52,7,1,3
505,49.79709456094219,9.911629672268981,322,10,1,2
506,49.795178182882054,9.913731078760803,630,11,1,1
507,49.79701171584774,9.91056716041346,322,10,1,2
508,49.79693617709783,9.910059847824124,322,10,1,2
509,49.7918687267535,9.911668922695732,630,12,1,1
510,49.792269693283146,9.913823785875262,630,10,1,1
511,49.79208305017275,9.912927599486254,630,11,1,1
512,49.791690585808205,9.913051406479186,630,11,1,1
513,49.79613463672648,9.912004364970054,322,10,1,2
514,49.79623376948178,9.912635871092103,322,10,1,2
515,49.79822535429754,9.915975682630652,630,10,1,1
516,49.794800649576636,9.9141023758575,630,11,1,1
517,49.794496973327355,9.913689331836839,630,11,1,1
518,49.794192976926354,9.915802939053284,630,10,1,1
519,49.79403614931165,9.912196650008713,322,11,1,2
520,49.7944617905197,9.914266603389535,630,10,1,1
521,49.79499598490473,9.914949082355117,630,10,1,1
522,49.79393152830029,9.913314131293546,630,11,1,1
523,49.796482156616555,9.913487025121615,322,10,1,2
524,49.79334072061177,9.913429269082371,630,11,1,1
525,49.79347168146482,9.915460571817302,630,10,1,1
526,49.79321409679234,9.91537900297839,630,10,1,1
527,49.795220652579125,9.914093750542353,630,11,1,1
528,49.7939053860435,9.915121488036258,630,10,1,1
529,49.79291888063711,9.912914550582707,630,11,1,1
530,49.79478813751358,9.914503908366557,630,10,1,1
531,49.79319534103716,9.912853233749246,630,11,1,1
532,49.79439365015605,9.912643625034146,322,11,1,2
533,49.79416534557793,9.916104038136055,630,10,1,1
534,49.79472006737033,9.915294779330535,630,10,1,1
535,49.793182649401764,9.911991749943374,322,11,1,2
536,49.79421470859164,9.915567688579907,630,10,1,1
537,49.793690623783625,9.914888842862139,630,10,1,1
538,49.79313490725579,9.91245477153023,630,11,1,1
539,49.79544113377827,9.914988700456684,630,10,1,1
540,49.792857499301675,9.912516700044558,630,11,1,1
541,49.79379099341546,9.916130561976999,630,10,1,1
542,49.79647679931248,9.913805399981547,322,10,1,2
543,49.793634218356054,9.91437207185558,630,10,1,1
544,49.794080943511396,9.91424817785524,630,10,1,1
545,49.79502705689478,9.914122353048091,630,11,1,1
546,49.79382134930974,9.912259400012276,322,11,1,2
547,49.79445289593902,9.913307604729845,630,11,1,1
548,49.79374508689188,9.912693144448587,322,11,1,2
549,49.79323585388585,9.914248622008074,630,10,1,1
550,49.79561289935565,9.913385299989862,322,11,1,2
551,49.79476741423514,9.91498676792988,630,10,1,1
552,49.7964650184254,9.91295312275495,322,10,1,2
553,49.79338856475038,9.916130182932791,630,10,1,1
554,49.79553766901005,9.916209977196969,630,10,1,1
555,49.79419433776229,9.914917374616515,630,10,1,1
556,49.79361217197089,9.912307839535659,322,11,1,2
557,49.793394799302654,9.912373750030937,322,11,1,2
558,49.79428848413014,9.915245548522527,630,10,1,1
559,49.79588368026659,9.913728782703595,322,11,1,2
560,49.794701430602515,9.916168896791698,630,10,1,1
561,49.79614696611911,9.913171614408041,322,10,1,2
562,49.78047995502594,9.969547794477325,52,7,1,3
563,49.787339649353854,9.955042050008604,630,9,1,1
564,49.78719479925506,9.955308133382859,630,9,1,1
565,49.786762812051656,9.955851756229288,630,10,1,1
566,49.78748794939021,9.954746950105783,630,9,1,1
567,49.78840829934733,9.953758149992762,630,9,1,1
568,49.78838344935996,9.954277300020637,630,9,1,1
569,49.787838849360135,9.954842900017361,630,9,1,1
570,49.78831629934977,9.954771199984451,630,9,1,1
571,49.788155432597556,9.95522929716287,630,9,1,1
572,49.788551249351734,9.95507329999465,630,9,1,1
573,49.78886494835715,9.954919116844065,630,9,1,1
574,49.78867404934819,9.953585699979623,630,9,1,1
575,49.78898999939385,9.954648700100947,630,9,1,1
576,49.78887889934931,9.954169999979152,630,9,1,1
577,49.78898476405499,9.953851724212635,630,9,1,1
578,49.78855301769933,9.953891958415532,630,9,1,1
579,49.78918909934897,9.953999699985713,630,9,1,1
580,49.78919262006531,9.953320598169707,630,9,1,1
581,49.78863750035506,9.954592833101193,630,9,1,1
582,49.78849244934701,9.953433249986208,630,9,1,1
583,49.78823294935719,9.954104299987257,630,9,1,1
584,49.78859639935177,9.95549190002059,630,9,1,1
585,49.78845924935495,9.955614700000725,630,9,1,1
586,49.78820693250445,9.954622395311215,630,9,1,1
587,49.78830358260309,9.955443495511043,630,9,1,1
588,49.788429749358265,9.954932550009355,630,9,1,1
589,49.78799772049861,9.955063653535145,630,9,1,1
590,49.78867451620907,9.955237337350177,630,9,1,1
591,49.78851249935222,9.954435049996993,630,9,1,1
592,49.78805121580486,9.954456571335204,630,9,1,1
593,49.78907300562938,9.954329832312826,630,9,1,1
594,49.78876227369213,9.953175184980095,630,9,1,1
595,49.78882484934776,9.953716049958809,630,9,1,1
596,49.788692667223415,9.954009256872986,630,9,1,1
597,49.78923229935664,9.953732099994314,630,9,1,1
598,49.78607104937588,9.947375050045132,630,8,1,1
599,49.785569260251684,9.947956055140159,630,8,1,1
600,49.786077751771295,9.949038799760505,630,8,1,1
601,49.785693911107295,9.9488823518783,630,8,1,1
602,49.788109681697556,9.952149596778076,630,8,1,1
603,49.78834685256082,9.952348631964677,630,8,1,1
604,49.788060137293826,9.952779633428266,630,9,1,1
605,49.78787604199619,9.953293712450265,630,9,1,1
606,49.78823584449108,9.952255467588435,630,8,1,1
607,49.788236299104966,9.953278533887428,630,9,1,1
608,49.794241194186874,10.001262454088165,830,7,1,4
609,49.80273914939041,10.002731249863865,830,8,1,3
610,49.80309249329293,10.002732276443918,830,8,1,3
611,49.8023004071273,10.004413425482781,830,8,1,3
612,49.80241588853769,9.921168307071365,630,10,1,1
613,49.8021856914127,9.921560482459336,630,10,1,1
614,49.80129295898361,9.922411553112667,630,10,1,1
615,49.80079634466652,9.924585202409208,630,9,1,1
616,49.80081119857809,9.925682191207027,630,9,1,1
617,49.800966059858155,9.924382301629779,630,9,1,1
618,49.800624734454495,9.92459768010656,630,9,1,1
619,49.80032349596545,9.925050791818006,630,9,1,1
620,49.80072953548869,9.924396547297201,630,9,1,1
621,49.799953872783995,9.923250672506502,630,9,1,1
622,49.800073270784836,9.924065134637013,630,9,1,1
623,49.78885865213103,9.93712885453157,630,7,1,1
624,49.755982481710376,9.93869245379962,170,9,1,3
625,49.75671213191393,9.938597037283904,170,9,1,3
626,49.79887445063575,9.99091590038304,159,9,1,2
627,49.78173140435199,9.975448813727263,52,7,1,4
628,49.797432765222034,9.989940148264006,830,8,1,3
629,49.77808181839267,9.927432345232942,630,11,1,1
630,49.79211738970091,9.937349299774448,630,7,1,1
631,49.765738799330585,9.932418349981507,431,10,1,2
632,49.76541229394594,9.93312052892417,431,10,1,2
633,49.76406169931137,9.93183555000678,431,11,1,2
634,49.76552694161403,9.93415136358986,431,10,1,2
635,49.76370059748113,9.933408378636061,431,11,1,2
636,49.767057498446746,9.93184019393538,431,10,1,2
637,49.76795321338685,9.932739240275776,431,10,1,2
638,49.76742129724717,9.933233447048567,431,10,1,2
639,49.76676493993559,9.932527757140466,431,10,1,2
640,49.76801268718797,9.932486287264647,431,10,1,2
641,49.76740419928222,9.932111499192096,431,10,1,2
642,49.76739108505139,9.931770044878867,431,10,1,2
643,49.76428670133049,9.930133982634109,431,12,1,2
644,49.76879818319778,9.934678850602499,431,9,1,2
645,49.790231789682025,9.961745573686262,52,8,1,2
646,49.79070262539608,9.961987858863079,52,8,1,2
647,49.789662770735106,9.961719332423758,52,8,1,2
648,49.79092755201649,9.962087678919573,52,8,1,2
649,49.78999874971957,9.961523548998072,52,8,1,2
650,49.790248549015416,9.962229451076901,52,8,1,2
651,49.78980753382224,9.961299202067217,52,8,1,2
652,49.78895859936995,9.961977050011065,52,8,1,2
653,49.78995374880717,9.962015251114531,52,8,1,2
654,49.79046674496698,9.961899512691515,52,8,1,2
655,49.790575555498684,9.962373027591577,52,8,1,2
656,49.79145617956041,9.963759717872712,52,8,1,2
657,49.792663922679175,9.962269263688803,52,9,1,2
658,49.79258724315425,9.961748402927585,52,9,1,2
659,49.79174293092478,9.963337341434816,52,8,1,2
660,49.74658047230814,9.954626196873345,170,9,1,4
661,49.74562622848772,9.95417121991571,170,8,1,4
662,49.745781038412076,9.954735594230065,170,9,1,4
663,49.74418300813523,9.954951026161947,170,9,1,4
664,49.744791377705056,9.954498735531912,170,8,1,4
665,49.74649281873848,9.952077787182485,170,8,1,4
666,49.74619317758855,9.95376248957826,170,8,1,4
667,49.74548771497729,9.953652244688575,170,8,1,4
668,49.74435923173486,9.955677887535561,170,9,1,4
669,49.74604223617521,9.953776956286166,170,8,1,4
670,49.750374002178674,9.957650661854485,170,10,1,4
671,49.752118068241664,9.962831608588136,170,12,1,4
672,49.749478612187126,9.958651432617039,170,10,1,4
673,49.745517009150966,9.959565471060099,871,9,1,3
674,49.75006890665634,9.954806555807567,170,9,1,4
675,49.74960648414081,9.95786522181473,170,10,1,4
676,49.745360681437404,9.956969055503672,170,9,1,4
677,49.75465961641615,9.96143708084036,170,12,1,3
678,49.74991611842123,9.953849036372793,170,9,1,4
679,49.74977165927953,9.958538997902123,170,10,1,4
680,49.74702529449956,9.957096648229495,170,9,1,4
681,49.750366564511985,9.958044104277276,170,10,1,4
682,49.74988778963612,9.957626079307124,170,10,1,4
683,49.78523921972112,9.963552096204518,52,7,1,3
684,49.78546615578457,9.963886670058969,52,7,1,3
685,49.78498823065572,9.963921248921201,52,7,1,3
686,49.78497635546827,9.963519892608868,52,7,1,3
687,49.78455377763923,9.963909292426942,52,7,1,3
688,49.784753562099894,9.963165509575404,52,7,1,3
689,49.78500244642143,9.964221551834521,52,7,1,3
690,49.784952780452244,9.96316346734712,52,7,1,3
691,49.784752672210296,9.963919763120424,52,7,1,3
692,49.78526958072952,9.963883176900138,52,7,1,3
693,49.78478193246146,9.963525032407343,52,7,1,3
694,49.78915003153232,9.932856691077932,630,7,1,1
695,49.78955739940745,9.953500500019953,630,9,1,1
696,49.74359619993081,9.957037742424493,871,9,1,3
697,49.731058901755844,9.970219117557846,871,7,1,3
698,49.7291948288935,9.965716568338046,871,7,1,3
699,49.72986022625091,9.96810065601908,871,7,1,3
700,49.73205409982704,9.960975799791292,871,7,1,3
701,49.730571549530914,9.966964128351814,871,7,1,3
702,49.73030346357667,9.969332997307392,871,7,1,3
703,49.73040966216814,9.959743551869664,871,7,1,3
704,49.73118724053762,9.971252991208752,871,7,1,3
705,49.72952613457312,9.966276264415132,871,7,1,3
706,49.787709047524245,9.933739750946867,630,7,1,1
707,49.78723801358675,9.93386983581631,630,7,1,1
708,49.7870567051282,9.932193847756432,630,7,1,1
709,49.7979872034297,9.935842656289763,630,7,1,1
710,49.729871887055545,9.959932400934543,871,7,1,3
711,49.72995379980181,9.964861616899242,871,7,1,3
712,49.719129576071374,9.96335259839382,871,12,1,3
713,49.730451169446034,9.965832572242572,871,7,1,3
714,49.73116298923178,9.968408382227464,871,7,1,3
715,49.7299143048848,9.9621623196981,871,7,1,3
716,49.72289374076431,9.964641735090456,871,9,1,3
717,49.719827710275304,9.966414776839015,871,11,1,3
718,49.7916556932791,9.954770423189592,630,9,1,1
719,49.791509927158046,9.95446301047141,630,9,1,1
720,49.79169116458762,9.953557178502027,630,8,1,1
721,49.791609549343036,9.956550249983648,630,9,1,1
722,49.79264341934592,9.959097353944498,52,10,1,2
723,49.79225065569973,9.957607726707657,630,10,1,1
724,49.7917697993419,9.954086449983034,630,9,1,1
725,49.793046690312806,9.9558279134448,630,9,1,1
726,49.791535428604966,9.953547465580634,630,8,1,1
727,49.792833049322645,9.959063899989856,52,10,1,2
728,49.791663372859716,9.953900371050677,630,9,1,1
729,49.79153977915648,9.955321993462807,630,9,1,1
730,49.79174149122175,9.956728395453762,630,9,1,1
731,49.79158327414856,9.955686642535435,630,9,1,1
732,49.79239029933892,9.957630049974258,630,10,1,1
733,49.7916317471274,9.956001390714762,630,9,1,1
734,49.79337979933102,9.9603225999854,52,9,1,2
735,49.79304874566649,9.958288530710117,52,10,1,2
736,49.79175869943631,9.957119285443662,630,10,1,1
737,49.79178371731407,9.953570166338618,630,8,1,1
738,49.791702916604144,9.956310916057207,630,9,1,1
739,49.79196327137869,9.957584482802353,630,10,1,1
740,49.79276638782242,9.95454269516184,630,9,1,1
741,49.79141519933998,9.954062699980415,630,9,1,1
742,49.7919407277791,9.965262191858523,52,8,1,3
743,49.792162648466174,9.96398716774536,52,8,1,2
744,49.79227929747875,9.962969543176783,52,8,1,2
745,49.79165001847993,9.96427876334153,52,8,1,2
746,49.79192699790479,9.963401817481206,52,8,1,2
747,49.792581903094465,9.963077783893523,52,9,1,2
748,49.79159885910983,9.965288649122698,52,8,1,3
749,49.79199454543804,9.963865577452303,52,8,1,2
750,49.79192278370973,9.965871646925153,52,8,1,3
751,49.79233190162165,9.963450232266132,52,8,1,2
752,49.79227726839101,9.963614254358099,52,8,1,2
753,49.79169654748211,9.96495320931936,52,8,1,2
754,49.79254695399725,9.96295342601595,52,9,1,2
755,49.79151726565476,9.965110670208613,52,8,1,2
756,49.79180151712401,9.965735173742477,52,8,1,3
757,49.791837349339445,9.965370999980314,52,8,1,3
758,49.79208169933763,9.964292399966293,52,8,1,2
759,49.79203630128345,9.96441473827337,52,8,1,2
760,49.79148304939827,9.964857550011423,52,8,1,2
761,49.79176089935977,9.963838999990285,52,8,1,2
762,49.8027551557207,9.956550155217087,159,11,1,2
763,49.803362450963064,9.95770661538749,159,10,1,2
764,49.801097833124174,9.954454928482734,630,10,1,1
765,49.799215478166694,9.960049624340321,159,10,1,2
766,49.79885205023529,9.961678009053166,159,10,1,2
767,49.79879995838837,9.95921951719008,630,11,1,1
768,49.79956621468146,9.963549307830345,159,10,1,2
769,49.79816470802216,9.960006340522769,159,11,1,2
770,49.79887099928348,9.958775900219116,630,11,1,1
771,49.799176187698144,9.9611881854939,159,10,1,2
772,49.7989770157831,9.959387112312825,159,11,1,2
773,49.797536198136655,9.956656954179381,630,10,1,1
774,49.799770380733534,9.962883055891472,159,10,1,2
775,49.79941299954582,9.964069350251458,159,10,1,2
776,49.798456020004814,9.960182302261849,159,11,1,2
777,49.79966711124423,9.960130989142527,159,10,1,2
778,49.800241962095185,9.960956112694005,159,10,1,2
779,49.801818673972065,9.973964571669429,159,7,1,2
780,49.801937734725996,9.974862185471455,159,7,1,2
781,49.80030055861572,9.972623247944929,159,7,1,2
782,49.799300353515676,9.972547453717153,159,8,1,2
783,49.79992477405285,9.973328782799666,159,7,1,2
784,49.799656867099614,9.973244941862358,159,7,1,2
785,49.79984596853005,9.97489371162794,159,7,1,2
786,49.8007501186662,9.975487716378296,159,7,1,2
787,49.80058250163393,9.977033847760783,159,7,1,2
788,49.799749766623165,9.97643273589672,159,7,1,2
789,49.80060235686663,9.974518095264806,159,7,1,2
790,49.800871734375725,9.976145162841895,159,7,1,2
791,49.80116182495951,9.97443016725242,159,7,1,2
792,49.797677385524636,9.960507877642142,52,11,1,3
793,49.79816440775391,9.961162759648113,159,10,1,2
794,49.79729596448124,9.958864234173863,630,10,1,1
795,49.79759275522852,9.955504196021732,630,10,1,1
796,49.81831476687975,9.967867981738408,98,7,1,3
797,49.79364755897798,9.924209691685348,630,7,1,1
798,49.79799284568535,9.91802950250063,630,10,1,1
799,49.79387934954509,9.921210110080416,630,9,1,1
800,49.7937399704636,9.920360052554969,630,9,1,1
801,49.79346235027061,9.924223694150461,630,7,1,1
802,49.793893689901466,9.924008814453277,630,8,1,1
803,49.79318508346309,9.924639026253306,630,7,1,1
804,49.79397976915348,9.923386533811344,630,8,1,1
805,49.79788659931243,9.91730274997651,630,10,1,1
806,49.79337339977244,9.921048049882232,630,9,1,1
807,49.79754649075479,9.920111866600823,630,9,1,1
808,49.82183324048282,9.967591180267815,98,7,1,3
809,49.82192336243488,9.967520848682348,98,7,1,3
810,49.82271204934442,9.968079399992183,98,7,1,3
811,49.82248662266102,9.967828183600194,98,7,1,3
812,49.82256729934937,9.968717949985916,98,7,1,3
813,49.82267563283328,9.96775593300029,98,7,1,3
814,49.82261327840503,9.96903481690037,98,7,1,3
815,49.822503049355056,9.968197899983377,98,7,1,3
816,49.82252913600784,9.968403328881376,98,7,1,3
817,49.821348108744125,9.966882967795339,98,7,1,3
818,49.8213215993477,9.967183249975514,98,7,1,3
819,49.82090075994873,9.9674043280272,98,7,1,3
820,49.82126158231864,9.96698953997561,98,7,1,3
821,49.82106756997128,9.96727030602751,98,7,1,3
822,49.820981103658,9.967340851029318,98,7,1,3
823,49.821494599400914,9.966951199958796,98,7,1,3
824,49.82070952079983,9.967621339418642,98,7,1,3
825,49.820460246037754,9.967866349376553,98,7,1,3
826,49.812203749393895,9.964590949985602,98,9,1,3
827,49.81236089933396,9.964284699985873,98,9,1,3
828,49.793263247860054,10.002999399603073,830,7,1,4
829,49.79289215360856,10.003310934319716,830,7,1,4
830,49.79323683401385,10.004783801718572,830,7,1,4
831,49.79567944934318,9.884440200023883,322,8,1,2
832,49.79976494336598,9.877954268228235,322,9,1,2
833,49.79511122831992,9.887737893294078,322,8,1,2
834,49.79575351680752,9.886024865597294,322,8,1,2
835,49.799592410363545,9.877680707059426,322,9,1,2
836,49.79964885519671,9.877604586226214,322,9,1,2
837,49.795050649330825,9.890778349984515,322,7,1,2
838,49.79530204802804,9.890081948800157,322,7,1,2
839,49.799785663030626,9.877762042852583,322,9,1,2
840,49.79508209934559,9.88747985000548,322,8,1,2
841,49.795528529812245,9.940021482203614,630,7,1,1
842,49.79559465960321,9.940524050079695,630,7,1,1
843,49.79631226315562,9.9421386113823,630,7,1,1
844,49.79539360814057,9.941209977139769,630,7,1,1
845,49.79587622771274,9.940111860283173,630,7,1,1
846,49.79551952876167,9.942474894031228,630,7,1,1
847,49.794938797887085,9.941891601054596,630,7,1,1
848,49.79554116465585,9.939483603638932,630,7,1,1
849,49.7951796859241,9.93959326686313,630,7,1,1
850,49.79465938925297,9.940692432358732,630,7,1,1
851,49.79524487542609,9.939929381108607,630,7,1,1
852,49.79601489944653,9.940631699686529,630,7,1,1
853,49.79607416907101,9.942614947771375,630,7,1,1
854,49.79507439934996,9.951960999978713,630,8,1,1
855,49.79429090227611,9.953349137733822,630,9,1,1
856,49.794127170933784,9.951725929063857,630,8,1,1
857,49.79602923178079,9.952578181144046,630,9,1,1
858,49.797571033082356,9.946166458143887,630,7,1,1
859,49.79832252713976,9.94592034311052,630,7,1,1
860,49.794869676524826,9.951830351826548,630,8,1,1
861,49.794119157108206,9.952283047072221,630,8,1,1
862,49.79780592559399,9.946370603713211,630,7,1,1
863,49.79450714434888,9.951709924591578,630,8,1,1
864,49.77617175763962,9.92672148051365,630,12,1,1
865,49.79453959955715,9.917206200385875,630,10,1,1
866,49.78740476804836,9.925342575659046,630,8,1,1
867,49.78805165752883,9.92517807851783,630,8,1,1
868,49.78762477786877,9.925090108370854,630,8,1,1
869,49.78719022103311,9.925285708416242,630,8,1,1
870,49.72888890385973,9.958222421683164,871,8,1,3
871,49.73514822400614,9.968367215621427,871,7,1,3
872,49.73318862177074,9.965146944019807,871,7,1,3
873,49.73422820030004,9.966313888863528,871,7,1,3
874,49.733698600364384,9.96556401564396,871,7,1,3
875,49.735190730236916,9.970396052891001,871,7,1,3
876,49.735416805844125,9.967593139416831,871,7,1,3
877,49.793892462808046,9.999506081916733,830,7,1,4
878,49.79392169977205,9.998758371499207,830,7,1,4
879,49.793893137557,9.998533774558664,830,7,1,4
880,49.79604994211922,10.00062632654126,830,7,1,3
881,49.79527149942916,10.001894199763715,830,7,1,3
882,49.79632801608377,9.999960808050306,830,7,1,3
883,49.79369655046723,9.893164616485935,322,8,1,2
884,49.7937532942638,9.894373747636969,322,8,1,2
885,49.793531450434415,9.893874919341718,322,8,1,2
886,49.7872613292579,9.947162297520551,630,7,1,1
887,49.79437301057115,9.892614155482969,322,8,1,2
888,49.79410974741794,9.892669889009804,322,8,1,2
889,49.79419417207641,9.894181634478002,322,8,1,2
890,49.79512255335133,9.896668636314441,322,8,1,2
891,49.794143312822065,9.893563560746536,322,8,1,2
892,49.79501783269408,9.894250442048993,322,7,1,2
893,49.77889744695951,9.956640556749749,431,7,1,2
894,49.79639484950994,9.909774731871678,322,10,1,2
895,49.79591815974337,9.908092486963614,322,9,1,2
896,49.795380714574534,9.909082278487972,322,10,1,2
897,49.79624915339534,9.908370536078076,322,9,1,2
898,49.79468875541404,9.909464376795338,322,10,1,2
899,49.79605804868091,9.90929480138261,322,10,1,2
900,49.79607727504097,9.907639305122897,322,9,1,2
901,49.79564339910191,9.907681050034181,322,9,1,2
902,49.79431692544821,9.909255683285126,322,10,1,2
903,49.79527556070471,9.909701732595131,322,10,1,2
904,49.79461854909699,9.90906710011032,322,10,1,2
905,49.79464224685727,9.910172982506126,322,10,1,2
906,49.795900367548974,9.90893503235098,322,10,1,2
907,49.79646985150361,9.910502971145855,322,10,1,2
908,49.79427882365939,9.908959689509295,322,10,1,2
909,49.795090217225265,9.910346021342605,322,10,1,2
910,49.793779699395266,9.90002599998674,322,9,1,2
911,49.79382115033345,9.899380650007503,322,9,1,2
912,49.79404659921858,9.898884799994853,322,8,1,2
913,49.794050538912906,9.89786254868974,322,8,1,2
914,49.79293432621824,9.907090945953565,322,10,1,2
915,49.79305368849364,9.905875550150867,322,10,1,2
916,49.79294539184167,9.910214328992302,322,11,1,2
917,49.79412147896915,9.904124979897617,322,9,1,2
918,49.7930162752702,9.906366512709436,322,10,1,2
919,49.79322439907148,9.904061599818489,322,9,1,2
920,49.7937852813579,9.903629931355791,322,9,1,2
921,49.79294389903275,9.907852549833887,322,10,1,2
922,49.79391040528884,9.906968178530631,322,10,1,2
923,49.793883453057624,9.909157320070179,322,10,1,2
924,49.79293432142325,9.908303902853092,322,10,1,2
925,49.7933506667434,9.909924837625054,322,10,1,2
926,49.79373057209347,9.90456725384713,322,9,1,2
927,49.792963416340676,9.909556350420507,322,10,1,2
928,49.79351145834228,9.909356874859698,322,10,1,2
929,49.79291708860576,9.907473980911513,322,10,1,2
930,49.7929515720894,9.906731703845727,322,10,1,2
931,49.793200499071645,9.904525499818494,322,10,1,2
932,49.793333981960295,9.909498853371593,322,10,1,2
933,49.79322480426256,9.903611895113833,322,9,1,2
934,49.793878059442214,9.908280797049459,322,10,1,2
935,49.79315254907174,9.904984799818418,322,10,1,2
936,49.79311062151578,9.905471928427499,322,10,1,2
937,49.79376388037291,9.904098278346972,322,9,1,2
938,49.79280228557321,9.910246804635833,322,11,1,2
939,49.792916199033094,9.90875909983359,322,10,1,2
940,49.79273552250053,9.909638623571956,322,10,1,2
941,49.794032941091736,9.905455778509394,322,9,1,2
942,49.79379733289831,9.909624071237843,322,10,1,2
943,49.792661349696935,9.904692900083411,322,10,1,2
944,49.79213987468492,9.90766268336338,322,10,1,2
945,49.791734328721326,9.906367281011757,322,10,1,2
946,49.792015377880794,9.909368611951662,322,11,1,2
947,49.792432373390916,9.907872070075916,322,10,1,2
948,49.79237202559993,9.908890631870781,322,10,1,2
949,49.79183764934148,9.907654349981144,322,10,1,2
950,49.79182214933189,9.90729709998648,322,10,1,2
951,49.792337679023284,9.910186062012107,322,11,1,2
952,49.792521703643985,9.906542326095412,322,10,1,2
953,49.79246377498635,9.907210637560715,322,10,1,2
954,49.79193899935988,9.908676499973707,322,11,1,2
955,49.79190031356819,9.90826131998735,322,10,1,2
956,49.791863384489005,9.907924728843014,322,10,1,2
957,49.79213337734556,9.907270942724436,322,10,1,2
958,49.79213978611431,9.906777008259187,322,10,1,2
959,49.79237277779557,9.909499911715692,322,11,1,2
960,49.7919855524258,9.909049171864707,322,11,1,2
961,49.79238574931858,9.909218350002085,322,11,1,2
962,49.79248189935172,9.906877449986288,322,10,1,2
963,49.79241479305477,9.908198573801192,322,10,1,2
964,49.7917801493728,9.906892499968814,322,10,1,2
965,49.79231219382075,9.909826509995447,322,11,1,2
966,49.79212684932933,9.90850969998383,322,10,1,2
967,49.79213960881529,9.906333205217097,322,10,1,2
968,49.792090978105186,9.909624113459834,322,11,1,2
969,49.792404853512316,9.908546375697037,322,10,1,2
970,49.79244917546607,9.907533687066868,322,10,1,2
971,49.78019542325933,9.937519353379628,630,9,1,1
972,49.78080514933663,9.935869050010629,630,9,1,1
973,49.77978705192988,9.937080668624422,630,9,1,1
974,49.78097089089349,9.935769292115353,630,9,1,1
975,49.78018170486782,9.93673511712195,630,9,1,1
976,49.780878431939996,9.936123052968886,630,9,1,1
977,49.77955406181134,9.937817922489058,431,9,1,2
978,49.78109521639688,9.935704664682447,630,9,1,1
979,49.779315475276384,9.938926568073853,431,9,1,2
980,49.7804297026657,9.936515017754344,630,9,1,1
981,49.77893404416035,9.937024604705865,431,9,1,2
982,49.779276268438444,9.93679973846272,630,10,1,1
983,49.779354430652205,9.937052256502081,630,10,1,1
984,49.780708699333346,9.936292650048292,630,9,1,1
985,49.78000817661414,9.938015835111658,630,9,1,1
986,49.78100957764422,9.935988148027143,630,9,1,1
987,49.781392593204636,9.935606865277176,630,9,1,1
988,49.78026088674118,9.937826388059523,630,9,1,1
989,49.78020691808042,9.939074488781582,630,9,1,1
990,49.777040001233814,9.937869091619632,431,9,1,2
991,49.77883543617949,9.937821272045184,431,9,1,2
992,49.77940232887958,9.937364837497503,431,9,1,2
993,49.77925086081581,9.937470188611206,431,9,1,2
994,49.77986850203242,9.937560290158862,630,9,1,1
995,49.77955369919916,9.939353249579657,431,9,1,2
996,49.77966961929145,9.936548705351084,630,9,1,1
997,49.77951621472236,9.937278550039673,630,9,1,1
998,49.78070718837747,9.936786266942969,630,9,1,1
999,49.779422849362874,9.936711949962286,630,10,1,1
