,path,payload_1B,payload_1B_list
0,/home/jmhare1/gatewayPlacement/lora_graph_gw/Pre_Study/ConnectedComponent/files/sensors_transmissionrange_Max_Sensors2800.json,0.0058200000000000005,"[0.003 0.006 0.007 0.005 0.004 0.011 0.008 0.004 0.003 0.003 0.009 0.005
 0.008 0.01  0.005 0.005 0.005 0.005 0.006 0.009 0.003 0.009 0.009 0.004
 0.005 0.005 0.006 0.009 0.009 0.006 0.005 0.003 0.007 0.004 0.005 0.003
 0.005 0.005 0.009 0.006 0.005 0.007 0.004 0.007 0.006 0.009 0.006 0.01
 0.008 0.004 0.006 0.002 0.004 0.003 0.006 0.004 0.004 0.008 0.003 0.008
 0.005 0.004 0.005 0.002 0.009 0.007 0.005 0.009 0.002 0.009 0.007 0.003
 0.008 0.006 0.007 0.005 0.005 0.005 0.008 0.006 0.005 0.008 0.007 0.005
 0.005 0.006 0.002 0.006 0.003 0.006 0.006 0.006 0.003 0.007 0.005 0.007
 0.008 0.007 0.006 0.005]"
1,/home/jmhare1/gatewayPlacement/lora_graph_gw/Pre_Study/ConnectedComponent/files/sensors_transmissionrange_Max_Sensors2250.json,0.0059299999999999995,"[0.004 0.009 0.007 0.008 0.007 0.    0.005 0.003 0.007 0.005 0.005 0.006
 0.002 0.005 0.009 0.006 0.003 0.006 0.009 0.005 0.007 0.007 0.006 0.004
 0.012 0.002 0.004 0.002 0.006 0.004 0.006 0.004 0.006 0.008 0.008 0.008
 0.005 0.004 0.009 0.007 0.012 0.005 0.006 0.007 0.005 0.004 0.003 0.008
 0.006 0.003 0.007 0.007 0.008 0.006 0.007 0.005 0.005 0.005 0.009 0.007
 0.005 0.006 0.006 0.004 0.004 0.008 0.004 0.004 0.004 0.011 0.007 0.009
 0.01  0.011 0.005 0.006 0.007 0.008 0.007 0.007 0.004 0.002 0.013 0.004
 0.006 0.004 0.008 0.009 0.005 0.002 0.011 0.007 0.006 0.005 0.002 0.001
 0.005 0.003 0.003 0.005]"
2,/home/jmhare1/gatewayPlacement/lora_graph_gw/Pre_Study/ConnectedComponent/files/sensors_transmissionrange_Max_Sensors600.json,0.006030000000000001,"[0.007 0.006 0.014 0.005 0.007 0.009 0.005 0.005 0.004 0.005 0.009 0.007
 0.011 0.006 0.008 0.003 0.007 0.004 0.005 0.004 0.004 0.008 0.005 0.006
 0.004 0.004 0.007 0.006 0.005 0.004 0.005 0.004 0.005 0.011 0.008 0.004
 0.008 0.006 0.005 0.002 0.006 0.006 0.001 0.005 0.002 0.003 0.002 0.01
 0.013 0.006 0.012 0.002 0.009 0.007 0.005 0.006 0.005 0.008 0.006 0.005
 0.007 0.007 0.004 0.007 0.001 0.006 0.003 0.007 0.005 0.004 0.01  0.007
 0.01  0.005 0.009 0.009 0.006 0.006 0.004 0.005 0.005 0.012 0.004 0.005
 0.013 0.007 0.002 0.005 0.006 0.006 0.007 0.006 0.008 0.004 0.006 0.004
 0.007 0.006 0.004 0.003]"
3,/home/jmhare1/gatewayPlacement/lora_graph_gw/Pre_Study/ConnectedComponent/files/sensors_transmissionrange_Max_Sensors1950.json,0.0061800000000000015,"[0.005 0.004 0.008 0.006 0.002 0.009 0.006 0.008 0.008 0.007 0.006 0.012
 0.008 0.004 0.011 0.004 0.003 0.003 0.005 0.006 0.004 0.01  0.006 0.009
 0.003 0.005 0.011 0.004 0.008 0.009 0.005 0.006 0.006 0.006 0.007 0.007
 0.006 0.007 0.009 0.01  0.003 0.005 0.004 0.008 0.005 0.003 0.002 0.004
 0.007 0.006 0.003 0.007 0.006 0.006 0.006 0.007 0.005 0.008 0.006 0.004
 0.007 0.008 0.009 0.004 0.005 0.015 0.006 0.005 0.003 0.003 0.008 0.007
 0.007 0.002 0.011 0.004 0.004 0.008 0.005 0.004 0.011 0.011 0.01  0.005
 0.007 0.004 0.006 0.011 0.005 0.005 0.006 0.002 0.009 0.004 0.007 0.008
 0.005 0.003 0.001 0.005]"
4,/home/jmhare1/gatewayPlacement/lora_graph_gw/Pre_Study/ConnectedComponent/files/sensors_transmissionrange_Max_Sensors1450.json,0.005910000000000001,"[0.008 0.007 0.005 0.005 0.009 0.008 0.007 0.005 0.004 0.002 0.008 0.003
 0.007 0.008 0.008 0.008 0.006 0.002 0.001 0.003 0.006 0.005 0.009 0.01
 0.005 0.007 0.008 0.008 0.006 0.009 0.011 0.006 0.006 0.005 0.007 0.006
 0.005 0.004 0.007 0.005 0.004 0.008 0.004 0.006 0.011 0.005 0.005 0.004
 0.001 0.008 0.003 0.009 0.007 0.005 0.004 0.003 0.002 0.007 0.005 0.007
 0.006 0.005 0.01  0.003 0.006 0.005 0.011 0.006 0.005 0.006 0.01  0.006
 0.008 0.006 0.009 0.008 0.004 0.003 0.005 0.007 0.005 0.003 0.007 0.005
 0.006 0.005 0.004 0.003 0.005 0.009 0.004 0.006 0.004 0.001 0.005 0.005
 0.007 0.009 0.007 0.005]"
5,/home/jmhare1/gatewayPlacement/lora_graph_gw/Pre_Study/ConnectedComponent/files/sensors_transmissionrange_Max_Sensors1900.json,0.00561,"[0.01  0.011 0.006 0.003 0.006 0.004 0.006 0.005 0.005 0.005 0.003 0.004
 0.005 0.005 0.007 0.006 0.005 0.01  0.006 0.014 0.004 0.009 0.005 0.009
 0.007 0.005 0.008 0.004 0.006 0.005 0.006 0.006 0.006 0.006 0.003 0.007
 0.006 0.008 0.004 0.005 0.005 0.004 0.006 0.002 0.005 0.009 0.004 0.006
 0.004 0.005 0.01  0.003 0.005 0.006 0.006 0.005 0.009 0.006 0.005 0.004
 0.001 0.006 0.006 0.005 0.006 0.003 0.005 0.006 0.003 0.008 0.006 0.013
 0.006 0.006 0.003 0.007 0.007 0.004 0.001 0.005 0.003 0.005 0.004 0.005
 0.004 0.006 0.005 0.007 0.006 0.006 0.003 0.002 0.006 0.002 0.001 0.013
 0.005 0.005 0.007 0.005]"
6,/home/jmhare1/gatewayPlacement/lora_graph_gw/Pre_Study/ConnectedComponent/files/sensors_transmissionrange_Max_Sensors1050.json,0.00601,"[0.003 0.    0.007 0.002 0.009 0.006 0.003 0.004 0.003 0.003 0.006 0.008
 0.01  0.002 0.004 0.007 0.01  0.008 0.005 0.007 0.    0.008 0.006 0.002
 0.004 0.004 0.004 0.005 0.005 0.007 0.005 0.006 0.002 0.006 0.004 0.005
 0.009 0.007 0.008 0.007 0.004 0.003 0.007 0.01  0.007 0.007 0.009 0.009
 0.005 0.004 0.005 0.009 0.005 0.008 0.004 0.008 0.006 0.005 0.005 0.007
 0.006 0.004 0.005 0.008 0.009 0.009 0.009 0.005 0.007 0.004 0.01  0.005
 0.005 0.01  0.006 0.008 0.001 0.009 0.006 0.011 0.002 0.004 0.009 0.006
 0.007 0.002 0.008 0.009 0.007 0.009 0.006 0.002 0.009 0.005 0.009 0.004
 0.002 0.006 0.015 0.005]"
7,/home/jmhare1/gatewayPlacement/lora_graph_gw/Pre_Study/ConnectedComponent/files/sensors_transmissionrange_Max_Sensors1300.json,0.005920000000000001,"[0.006 0.006 0.006 0.006 0.008 0.002 0.006 0.004 0.008 0.003 0.005 0.002
 0.009 0.004 0.007 0.005 0.003 0.006 0.011 0.005 0.002 0.003 0.007 0.005
 0.006 0.005 0.004 0.004 0.007 0.002 0.006 0.008 0.006 0.006 0.004 0.001
 0.004 0.007 0.005 0.005 0.012 0.008 0.009 0.006 0.011 0.007 0.006 0.003
 0.007 0.006 0.008 0.007 0.008 0.004 0.004 0.007 0.006 0.003 0.002 0.007
 0.01  0.004 0.005 0.004 0.007 0.009 0.007 0.006 0.005 0.004 0.007 0.006
 0.005 0.003 0.006 0.006 0.002 0.006 0.008 0.004 0.007 0.006 0.005 0.006
 0.009 0.008 0.013 0.006 0.005 0.009 0.005 0.005 0.004 0.005 0.007 0.008
 0.006 0.01  0.005 0.009]"
8,/home/jmhare1/gatewayPlacement/lora_graph_gw/Pre_Study/ConnectedComponent/files/sensors_transmissionrange_Max_Sensors400.json,0.005940000000000001,"[0.006 0.006 0.005 0.011 0.005 0.002 0.005 0.007 0.01  0.005 0.006 0.005
 0.006 0.006 0.003 0.005 0.011 0.005 0.005 0.004 0.009 0.008 0.006 0.007
 0.004 0.012 0.002 0.005 0.008 0.009 0.009 0.007 0.007 0.001 0.004 0.005
 0.004 0.007 0.006 0.005 0.003 0.008 0.002 0.004 0.003 0.004 0.002 0.006
 0.007 0.005 0.008 0.005 0.004 0.01  0.005 0.006 0.008 0.002 0.007 0.01
 0.007 0.01  0.006 0.006 0.007 0.005 0.001 0.009 0.005 0.011 0.006 0.003
 0.008 0.006 0.003 0.005 0.006 0.007 0.006 0.004 0.003 0.003 0.011 0.003
 0.008 0.007 0.007 0.004 0.006 0.006 0.007 0.005 0.009 0.007 0.004 0.008
 0.006 0.006 0.005 0.006]"
9,/home/jmhare1/gatewayPlacement/lora_graph_gw/Pre_Study/ConnectedComponent/files/sensors_transmissionrange_Max_Sensors1500.json,0.005690000000000001,"[0.003 0.005 0.007 0.006 0.003 0.005 0.008 0.005 0.008 0.007 0.01  0.007
 0.008 0.004 0.004 0.005 0.006 0.004 0.005 0.003 0.008 0.009 0.007 0.003
 0.004 0.005 0.008 0.007 0.004 0.007 0.004 0.007 0.009 0.006 0.005 0.004
 0.005 0.003 0.009 0.006 0.004 0.003 0.004 0.004 0.004 0.001 0.005 0.006
 0.006 0.005 0.003 0.007 0.009 0.002 0.008 0.004 0.006 0.003 0.008 0.002
 0.01  0.004 0.008 0.004 0.006 0.006 0.003 0.007 0.009 0.008 0.006 0.002
 0.005 0.004 0.007 0.004 0.004 0.005 0.008 0.006 0.006 0.004 0.002 0.003
 0.011 0.009 0.008 0.002 0.007 0.006 0.007 0.008 0.01  0.008 0.007 0.004
 0.009 0.004 0.003 0.008]"
10,/home/jmhare1/gatewayPlacement/lora_graph_gw/Pre_Study/ConnectedComponent/files/sensors_transmissionrange_Max_Sensors2100.json,0.005960000000000001,"[0.009 0.002 0.004 0.004 0.006 0.009 0.005 0.01  0.004 0.007 0.005 0.002
 0.004 0.006 0.002 0.004 0.006 0.007 0.004 0.008 0.007 0.004 0.012 0.005
 0.004 0.011 0.003 0.003 0.011 0.001 0.008 0.005 0.008 0.006 0.006 0.011
 0.006 0.007 0.003 0.01  0.005 0.011 0.002 0.003 0.006 0.004 0.003 0.005
 0.008 0.005 0.007 0.004 0.    0.004 0.006 0.007 0.004 0.002 0.003 0.01
 0.004 0.006 0.006 0.008 0.006 0.008 0.012 0.006 0.006 0.01  0.009 0.004
 0.008 0.004 0.008 0.006 0.008 0.01  0.011 0.002 0.005 0.005 0.003 0.004
 0.006 0.004 0.004 0.005 0.006 0.006 0.009 0.004 0.008 0.005 0.006 0.008
 0.011 0.006 0.007 0.004]"
11,/home/jmhare1/gatewayPlacement/lora_graph_gw/Pre_Study/ConnectedComponent/files/sensors_transmissionrange_Max_Sensors850.json,0.00597,"[0.002 0.004 0.006 0.001 0.003 0.006 0.01  0.005 0.013 0.017 0.007 0.006
 0.006 0.007 0.008 0.008 0.005 0.005 0.007 0.    0.003 0.012 0.006 0.006
 0.005 0.004 0.006 0.008 0.003 0.004 0.005 0.007 0.007 0.006 0.004 0.007
 0.008 0.005 0.005 0.004 0.005 0.005 0.005 0.005 0.003 0.003 0.006 0.006
 0.008 0.007 0.005 0.012 0.006 0.002 0.007 0.006 0.006 0.009 0.01  0.004
 0.004 0.006 0.008 0.007 0.007 0.008 0.005 0.007 0.001 0.005 0.005 0.007
 0.005 0.004 0.006 0.004 0.005 0.004 0.006 0.01  0.003 0.009 0.004 0.003
 0.009 0.005 0.011 0.005 0.003 0.004 0.008 0.008 0.008 0.003 0.009 0.012
 0.002 0.003 0.008 0.005]"
12,/home/jmhare1/gatewayPlacement/lora_graph_gw/Pre_Study/ConnectedComponent/files/sensors_transmissionrange_Max_Sensors1150.json,0.006240000000000001,"[0.008 0.01  0.005 0.011 0.01  0.013 0.008 0.004 0.005 0.007 0.005 0.001
 0.008 0.008 0.011 0.008 0.004 0.006 0.009 0.008 0.005 0.006 0.003 0.007
 0.006 0.004 0.004 0.007 0.001 0.01  0.002 0.008 0.009 0.007 0.005 0.004
 0.008 0.01  0.007 0.007 0.005 0.007 0.005 0.007 0.003 0.007 0.007 0.005
 0.003 0.007 0.01  0.004 0.006 0.006 0.002 0.005 0.005 0.009 0.01  0.006
 0.008 0.008 0.004 0.007 0.009 0.002 0.004 0.006 0.005 0.007 0.005 0.007
 0.009 0.005 0.005 0.008 0.005 0.006 0.005 0.004 0.005 0.007 0.005 0.005
 0.008 0.009 0.004 0.009 0.008 0.007 0.006 0.002 0.007 0.006 0.004 0.009
 0.003 0.005 0.003 0.005]"
13,/home/jmhare1/gatewayPlacement/lora_graph_gw/Pre_Study/ConnectedComponent/files/sensors_transmissionrange_Max_Sensors950.json,0.005889999999999999,"[0.001 0.009 0.005 0.006 0.006 0.006 0.002 0.004 0.007 0.004 0.006 0.008
 0.009 0.005 0.011 0.007 0.005 0.007 0.007 0.008 0.01  0.004 0.005 0.007
 0.007 0.007 0.002 0.009 0.005 0.003 0.003 0.009 0.007 0.008 0.006 0.005
 0.006 0.006 0.004 0.005 0.004 0.006 0.005 0.007 0.006 0.003 0.01  0.006
 0.005 0.005 0.003 0.005 0.008 0.005 0.011 0.001 0.005 0.004 0.007 0.002
 0.008 0.006 0.004 0.006 0.006 0.008 0.001 0.006 0.006 0.006 0.004 0.008
 0.007 0.005 0.005 0.006 0.005 0.005 0.01  0.007 0.007 0.01  0.013 0.004
 0.008 0.006 0.008 0.002 0.006 0.003 0.006 0.003 0.005 0.005 0.008 0.005
 0.007 0.006 0.004 0.005]"
14,/home/jmhare1/gatewayPlacement/lora_graph_gw/Pre_Study/ConnectedComponent/files/sensors_transmissionrange_Max_Sensors2000.json,0.0058200000000000005,"[0.004 0.002 0.007 0.007 0.008 0.003 0.009 0.011 0.005 0.004 0.009 0.005
 0.005 0.006 0.005 0.005 0.005 0.002 0.006 0.012 0.005 0.005 0.006 0.004
 0.011 0.006 0.007 0.004 0.006 0.003 0.006 0.003 0.003 0.003 0.007 0.01
 0.004 0.007 0.003 0.003 0.008 0.008 0.007 0.007 0.007 0.009 0.003 0.002
 0.003 0.007 0.01  0.004 0.008 0.003 0.005 0.012 0.002 0.005 0.005 0.006
 0.003 0.001 0.004 0.005 0.006 0.007 0.003 0.008 0.007 0.006 0.006 0.007
 0.005 0.01  0.005 0.007 0.008 0.008 0.012 0.006 0.004 0.003 0.005 0.005
 0.004 0.003 0.004 0.007 0.006 0.008 0.009 0.004 0.004 0.008 0.007 0.008
 0.005 0.007 0.005 0.005]"
15,/home/jmhare1/gatewayPlacement/lora_graph_gw/Pre_Study/ConnectedComponent/files/sensors_transmissionrange_Max_Sensors800.json,0.006190000000000001,"[0.009 0.004 0.004 0.004 0.008 0.007 0.008 0.004 0.002 0.003 0.005 0.004
 0.009 0.008 0.007 0.005 0.007 0.002 0.008 0.008 0.005 0.006 0.008 0.005
 0.008 0.008 0.009 0.006 0.004 0.005 0.006 0.007 0.005 0.006 0.005 0.005
 0.01  0.008 0.004 0.007 0.01  0.006 0.009 0.007 0.009 0.003 0.004 0.005
 0.003 0.013 0.007 0.01  0.011 0.003 0.004 0.004 0.009 0.009 0.006 0.004
 0.004 0.004 0.006 0.006 0.01  0.004 0.004 0.009 0.007 0.005 0.006 0.005
 0.004 0.008 0.005 0.006 0.006 0.013 0.004 0.005 0.01  0.006 0.003 0.009
 0.004 0.006 0.004 0.003 0.006 0.006 0.002 0.007 0.007 0.006 0.005 0.003
 0.007 0.005 0.009 0.011]"
16,/home/jmhare1/gatewayPlacement/lora_graph_gw/Pre_Study/ConnectedComponent/files/sensors_transmissionrange_Max_Sensors2650.json,0.005889999999999999,"[0.004 0.009 0.004 0.006 0.011 0.006 0.004 0.005 0.004 0.003 0.007 0.008
 0.014 0.001 0.01  0.007 0.005 0.006 0.007 0.008 0.007 0.005 0.004 0.007
 0.004 0.004 0.004 0.002 0.006 0.004 0.003 0.008 0.003 0.004 0.006 0.006
 0.007 0.003 0.006 0.004 0.004 0.006 0.006 0.007 0.007 0.003 0.005 0.003
 0.002 0.01  0.008 0.008 0.002 0.004 0.009 0.006 0.005 0.004 0.007 0.006
 0.009 0.009 0.006 0.006 0.005 0.007 0.007 0.004 0.008 0.007 0.001 0.005
 0.003 0.004 0.004 0.008 0.006 0.009 0.006 0.006 0.004 0.007 0.005 0.004
 0.003 0.004 0.007 0.01  0.004 0.007 0.013 0.006 0.009 0.005 0.009 0.006
 0.008 0.008 0.006 0.006]"
17,/home/jmhare1/gatewayPlacement/lora_graph_gw/Pre_Study/ConnectedComponent/files/sensors_transmissionrange_Max_Sensors650.json,0.006010000000000001,"[0.005 0.005 0.007 0.004 0.005 0.004 0.003 0.005 0.006 0.005 0.004 0.004
 0.004 0.004 0.007 0.01  0.007 0.003 0.008 0.006 0.004 0.007 0.005 0.006
 0.003 0.011 0.006 0.003 0.006 0.005 0.009 0.009 0.001 0.009 0.011 0.005
 0.003 0.008 0.003 0.01  0.006 0.004 0.009 0.006 0.006 0.006 0.005 0.005
 0.009 0.013 0.004 0.004 0.01  0.004 0.004 0.004 0.006 0.004 0.003 0.007
 0.005 0.009 0.007 0.006 0.006 0.009 0.012 0.009 0.002 0.003 0.008 0.009
 0.005 0.009 0.006 0.007 0.006 0.002 0.003 0.008 0.007 0.006 0.005 0.003
 0.005 0.008 0.007 0.004 0.008 0.004 0.005 0.005 0.009 0.007 0.003 0.01
 0.005 0.005 0.004 0.011]"
18,/home/jmhare1/gatewayPlacement/lora_graph_gw/Pre_Study/ConnectedComponent/files/sensors_transmissionrange_Max_Sensors2300.json,0.006330000000000001,"[0.005 0.009 0.006 0.005 0.006 0.008 0.008 0.006 0.002 0.008 0.007 0.006
 0.009 0.011 0.007 0.007 0.008 0.007 0.008 0.006 0.006 0.014 0.005 0.004
 0.003 0.006 0.006 0.008 0.004 0.005 0.009 0.004 0.003 0.01  0.011 0.004
 0.004 0.006 0.006 0.007 0.006 0.013 0.008 0.004 0.007 0.009 0.008 0.005
 0.006 0.007 0.008 0.005 0.003 0.007 0.009 0.007 0.007 0.009 0.005 0.005
 0.008 0.005 0.005 0.005 0.    0.007 0.006 0.006 0.005 0.008 0.005 0.005
 0.006 0.004 0.005 0.002 0.009 0.004 0.008 0.004 0.002 0.007 0.006 0.007
 0.008 0.005 0.007 0.003 0.01  0.005 0.01  0.004 0.005 0.009 0.007 0.007
 0.003 0.006 0.006 0.007]"
19,/home/jmhare1/gatewayPlacement/lora_graph_gw/Pre_Study/ConnectedComponent/files/sensors_transmissionrange_Max_Sensors2050.json,0.0058200000000000005,"[0.007 0.009 0.004 0.003 0.005 0.004 0.003 0.006 0.006 0.004 0.006 0.007
 0.007 0.005 0.012 0.006 0.004 0.005 0.006 0.006 0.005 0.002 0.002 0.006
 0.005 0.003 0.002 0.006 0.007 0.004 0.004 0.008 0.008 0.005 0.007 0.003
 0.004 0.012 0.006 0.006 0.009 0.007 0.007 0.007 0.004 0.007 0.007 0.005
 0.005 0.002 0.006 0.008 0.014 0.007 0.005 0.004 0.003 0.01  0.006 0.007
 0.003 0.006 0.003 0.01  0.008 0.003 0.008 0.007 0.006 0.007 0.007 0.006
 0.004 0.003 0.004 0.008 0.006 0.01  0.006 0.007 0.002 0.005 0.006 0.004
 0.004 0.006 0.004 0.006 0.006 0.008 0.009 0.004 0.005 0.01  0.006 0.005
 0.004 0.004 0.005 0.007]"
20,/home/jmhare1/gatewayPlacement/lora_graph_gw/Pre_Study/ConnectedComponent/files/sensors_transmissionrange_Max_Sensors2750.json,0.006170000000000001,"[0.007 0.004 0.009 0.005 0.007 0.006 0.002 0.001 0.008 0.009 0.006 0.004
 0.004 0.007 0.007 0.005 0.006 0.008 0.002 0.01  0.011 0.008 0.007 0.005
 0.004 0.009 0.007 0.004 0.005 0.007 0.003 0.002 0.003 0.006 0.007 0.011
 0.002 0.006 0.007 0.004 0.008 0.003 0.004 0.007 0.008 0.005 0.009 0.011
 0.005 0.008 0.007 0.008 0.005 0.007 0.004 0.006 0.004 0.008 0.007 0.011
 0.007 0.005 0.005 0.006 0.005 0.006 0.002 0.006 0.008 0.001 0.008 0.008
 0.005 0.006 0.002 0.007 0.006 0.007 0.005 0.007 0.005 0.006 0.008 0.006
 0.01  0.007 0.005 0.01  0.003 0.008 0.003 0.012 0.006 0.006 0.007 0.005
 0.005 0.006 0.007 0.01 ]"
21,/home/jmhare1/gatewayPlacement/lora_graph_gw/Pre_Study/ConnectedComponent/files/sensors_transmissionrange_Max_Sensors450.json,0.006360000000000001,"[0.008 0.008 0.004 0.01  0.009 0.006 0.005 0.004 0.003 0.01  0.003 0.004
 0.006 0.007 0.009 0.007 0.009 0.008 0.012 0.005 0.007 0.005 0.005 0.01
 0.007 0.004 0.005 0.006 0.002 0.008 0.007 0.    0.008 0.006 0.004 0.005
 0.005 0.007 0.004 0.01  0.007 0.007 0.006 0.003 0.005 0.006 0.008 0.005
 0.006 0.006 0.006 0.007 0.008 0.004 0.005 0.007 0.01  0.004 0.01  0.004
 0.008 0.002 0.003 0.005 0.01  0.006 0.008 0.007 0.005 0.005 0.003 0.005
 0.007 0.008 0.007 0.011 0.01  0.014 0.004 0.008 0.007 0.008 0.008 0.008
 0.003 0.003 0.005 0.009 0.005 0.007 0.007 0.007 0.008 0.003 0.004 0.007
 0.007 0.003 0.006 0.009]"
22,/home/jmhare1/gatewayPlacement/lora_graph_gw/Pre_Study/ConnectedComponent/files/sensors_transmissionrange_Max_Sensors2600.json,0.006270000000000001,"[0.003 0.008 0.007 0.006 0.009 0.005 0.005 0.007 0.003 0.005 0.005 0.005
 0.01  0.004 0.005 0.006 0.004 0.007 0.003 0.003 0.009 0.006 0.004 0.004
 0.006 0.009 0.003 0.006 0.005 0.004 0.014 0.008 0.007 0.004 0.007 0.009
 0.005 0.003 0.007 0.009 0.002 0.008 0.005 0.008 0.003 0.009 0.014 0.006
 0.005 0.008 0.006 0.007 0.004 0.009 0.007 0.009 0.007 0.005 0.007 0.004
 0.005 0.005 0.008 0.006 0.01  0.008 0.009 0.009 0.006 0.006 0.006 0.008
 0.005 0.005 0.009 0.005 0.01  0.005 0.008 0.009 0.009 0.006 0.006 0.007
 0.005 0.008 0.003 0.006 0.01  0.006 0.005 0.006 0.006 0.006 0.004 0.004
 0.003 0.007 0.002 0.004]"
23,/home/jmhare1/gatewayPlacement/lora_graph_gw/Pre_Study/ConnectedComponent/files/sensors_transmissionrange_Max_Sensors2850.json,0.006270000000000001,"[0.008 0.004 0.01  0.008 0.008 0.003 0.014 0.004 0.005 0.002 0.01  0.005
 0.008 0.006 0.008 0.009 0.002 0.011 0.007 0.006 0.01  0.007 0.007 0.005
 0.007 0.006 0.002 0.006 0.008 0.008 0.003 0.008 0.007 0.013 0.011 0.007
 0.006 0.01  0.003 0.004 0.009 0.006 0.006 0.004 0.007 0.005 0.005 0.007
 0.005 0.004 0.007 0.006 0.007 0.007 0.008 0.007 0.004 0.004 0.007 0.013
 0.004 0.007 0.005 0.007 0.01  0.003 0.003 0.005 0.007 0.006 0.009 0.01
 0.009 0.004 0.006 0.005 0.006 0.008 0.003 0.005 0.008 0.005 0.004 0.004
 0.003 0.    0.006 0.005 0.007 0.003 0.006 0.008 0.007 0.005 0.005 0.007
 0.003 0.003 0.004 0.008]"
24,/home/jmhare1/gatewayPlacement/lora_graph_gw/Pre_Study/ConnectedComponent/files/sensors_transmissionrange_Max_Sensors500.json,0.006140000000000001,"[0.007 0.006 0.005 0.002 0.009 0.005 0.006 0.005 0.009 0.006 0.006 0.007
 0.006 0.004 0.007 0.001 0.008 0.003 0.006 0.004 0.007 0.007 0.006 0.004
 0.008 0.007 0.011 0.006 0.008 0.    0.005 0.004 0.005 0.003 0.006 0.008
 0.007 0.008 0.003 0.006 0.008 0.007 0.005 0.006 0.01  0.002 0.003 0.01
 0.008 0.004 0.003 0.011 0.01  0.012 0.007 0.005 0.005 0.003 0.003 0.004
 0.001 0.009 0.014 0.005 0.009 0.007 0.008 0.006 0.004 0.008 0.007 0.011
 0.006 0.008 0.003 0.005 0.007 0.005 0.009 0.007 0.011 0.003 0.01  0.006
 0.007 0.005 0.01  0.004 0.007 0.006 0.002 0.006 0.005 0.006 0.004 0.004
 0.006 0.004 0.006 0.006]"
25,/home/jmhare1/gatewayPlacement/lora_graph_gw/Pre_Study/ConnectedComponent/files/sensors_transmissionrange_Max_Sensors2150.json,0.0058200000000000005,"[0.005 0.007 0.005 0.012 0.009 0.006 0.006 0.008 0.004 0.007 0.007 0.006
 0.006 0.01  0.003 0.007 0.009 0.006 0.004 0.004 0.002 0.002 0.006 0.007
 0.007 0.006 0.006 0.005 0.004 0.005 0.005 0.007 0.004 0.004 0.009 0.006
 0.005 0.008 0.    0.007 0.006 0.006 0.005 0.009 0.007 0.007 0.006 0.01
 0.006 0.005 0.002 0.007 0.008 0.004 0.002 0.011 0.007 0.008 0.    0.004
 0.004 0.008 0.011 0.003 0.004 0.006 0.003 0.005 0.007 0.005 0.007 0.005
 0.004 0.008 0.005 0.007 0.006 0.003 0.003 0.009 0.004 0.011 0.006 0.002
 0.006 0.002 0.003 0.008 0.008 0.005 0.007 0.005 0.006 0.007 0.008 0.005
 0.008 0.004 0.004 0.004]"
26,/home/jmhare1/gatewayPlacement/lora_graph_gw/Pre_Study/ConnectedComponent/files/sensors_transmissionrange_Max_Sensors2450.json,0.006010000000000001,"[0.009 0.007 0.006 0.008 0.006 0.004 0.011 0.009 0.006 0.005 0.007 0.006
 0.003 0.006 0.008 0.004 0.006 0.007 0.003 0.009 0.007 0.012 0.008 0.008
 0.007 0.004 0.007 0.006 0.009 0.003 0.003 0.005 0.01  0.006 0.007 0.007
 0.009 0.005 0.004 0.007 0.007 0.007 0.009 0.008 0.007 0.009 0.004 0.005
 0.004 0.008 0.005 0.004 0.008 0.001 0.007 0.006 0.003 0.013 0.004 0.01
 0.006 0.005 0.003 0.002 0.006 0.008 0.007 0.005 0.007 0.007 0.004 0.006
 0.006 0.008 0.004 0.007 0.005 0.004 0.006 0.006 0.004 0.011 0.005 0.001
 0.008 0.003 0.007 0.01  0.005 0.005 0.005 0.006 0.001 0.005 0.003 0.006
 0.002 0.002 0.005 0.002]"
27,/home/jmhare1/gatewayPlacement/lora_graph_gw/Pre_Study/ConnectedComponent/files/sensors_transmissionrange_Max_Sensors2400.json,0.00605,"[0.005 0.006 0.003 0.005 0.003 0.004 0.007 0.007 0.006 0.01  0.014 0.006
 0.009 0.003 0.007 0.011 0.001 0.003 0.006 0.006 0.006 0.006 0.005 0.005
 0.005 0.005 0.004 0.006 0.005 0.003 0.011 0.008 0.007 0.006 0.003 0.003
 0.009 0.005 0.004 0.004 0.004 0.006 0.006 0.004 0.003 0.006 0.007 0.011
 0.008 0.007 0.014 0.004 0.007 0.01  0.009 0.003 0.006 0.01  0.005 0.003
 0.004 0.006 0.006 0.005 0.009 0.005 0.003 0.007 0.004 0.004 0.004 0.007
 0.003 0.005 0.004 0.01  0.008 0.009 0.004 0.009 0.004 0.008 0.003 0.007
 0.003 0.006 0.012 0.009 0.002 0.005 0.008 0.007 0.002 0.006 0.004 0.006
 0.005 0.008 0.012 0.007]"
28,/home/jmhare1/gatewayPlacement/lora_graph_gw/Pre_Study/ConnectedComponent/files/sensors_transmissionrange_Max_Sensors300.json,0.006030000000000001,"[0.002 0.002 0.003 0.003 0.005 0.007 0.009 0.006 0.006 0.004 0.003 0.005
 0.009 0.012 0.008 0.008 0.007 0.004 0.007 0.007 0.005 0.003 0.004 0.007
 0.004 0.006 0.007 0.009 0.009 0.004 0.007 0.004 0.007 0.007 0.006 0.011
 0.011 0.002 0.006 0.009 0.003 0.005 0.006 0.008 0.004 0.004 0.005 0.002
 0.007 0.006 0.01  0.004 0.003 0.004 0.008 0.005 0.005 0.005 0.013 0.003
 0.013 0.001 0.01  0.012 0.008 0.012 0.006 0.005 0.007 0.008 0.005 0.005
 0.007 0.004 0.01  0.006 0.004 0.005 0.006 0.006 0.006 0.004 0.005 0.003
 0.004 0.008 0.003 0.01  0.007 0.006 0.008 0.004 0.008 0.006 0.009 0.003
 0.003 0.002 0.005 0.004]"
29,/home/jmhare1/gatewayPlacement/lora_graph_gw/Pre_Study/ConnectedComponent/files/sensors_transmissionrange_Max_Sensors2700.json,0.0056700000000000006,"[0.009 0.006 0.004 0.008 0.006 0.006 0.007 0.004 0.003 0.005 0.004 0.005
 0.007 0.005 0.007 0.008 0.005 0.003 0.004 0.006 0.005 0.007 0.005 0.004
 0.003 0.004 0.009 0.009 0.007 0.007 0.008 0.01  0.003 0.004 0.006 0.004
 0.005 0.009 0.003 0.009 0.008 0.005 0.005 0.006 0.004 0.006 0.003 0.007
 0.007 0.003 0.002 0.006 0.01  0.005 0.007 0.003 0.008 0.01  0.007 0.004
 0.004 0.008 0.002 0.005 0.009 0.008 0.008 0.005 0.006 0.007 0.004 0.004
 0.005 0.001 0.009 0.005 0.007 0.001 0.008 0.008 0.008 0.002 0.006 0.004
 0.008 0.004 0.004 0.002 0.004 0.005 0.003 0.003 0.007 0.004 0.006 0.004
 0.013 0.004 0.007 0.006]"
30,/home/jmhare1/gatewayPlacement/lora_graph_gw/Pre_Study/ConnectedComponent/files/sensors_transmissionrange_Max_Sensors2950.json,0.006100000000000001,"[0.007 0.003 0.003 0.002 0.003 0.006 0.004 0.008 0.005 0.004 0.006 0.007
 0.004 0.007 0.003 0.009 0.012 0.001 0.007 0.008 0.006 0.006 0.004 0.006
 0.01  0.011 0.006 0.006 0.004 0.002 0.008 0.005 0.007 0.006 0.002 0.006
 0.009 0.008 0.005 0.011 0.008 0.003 0.008 0.006 0.007 0.004 0.005 0.005
 0.006 0.003 0.007 0.006 0.005 0.003 0.009 0.008 0.003 0.005 0.007 0.007
 0.007 0.009 0.006 0.008 0.01  0.009 0.008 0.003 0.004 0.005 0.006 0.004
 0.004 0.008 0.006 0.005 0.005 0.009 0.005 0.007 0.01  0.009 0.005 0.007
 0.007 0.004 0.008 0.005 0.004 0.005 0.004 0.005 0.007 0.011 0.006 0.006
 0.006 0.008 0.004 0.009]"
31,/home/jmhare1/gatewayPlacement/lora_graph_gw/Pre_Study/ConnectedComponent/files/sensors_transmissionrange_Max_Sensors1600.json,0.006550000000000001,"[0.009 0.007 0.007 0.005 0.009 0.005 0.01  0.006 0.004 0.011 0.008 0.006
 0.004 0.003 0.006 0.007 0.011 0.002 0.009 0.004 0.004 0.011 0.007 0.004
 0.007 0.008 0.004 0.006 0.007 0.01  0.004 0.007 0.007 0.01  0.01  0.005
 0.007 0.005 0.006 0.004 0.002 0.002 0.005 0.008 0.004 0.01  0.005 0.007
 0.01  0.006 0.004 0.008 0.004 0.005 0.009 0.001 0.008 0.007 0.01  0.009
 0.009 0.003 0.006 0.005 0.004 0.005 0.009 0.005 0.01  0.003 0.007 0.004
 0.005 0.008 0.007 0.004 0.011 0.008 0.009 0.008 0.007 0.002 0.005 0.008
 0.006 0.01  0.004 0.006 0.01  0.007 0.01  0.009 0.006 0.007 0.004 0.005
 0.012 0.003 0.006 0.008]"
32,/home/jmhare1/gatewayPlacement/lora_graph_gw/Pre_Study/ConnectedComponent/files/sensors_transmissionrange_Max_Sensors750.json,0.005980000000000001,"[0.006 0.006 0.007 0.005 0.005 0.005 0.008 0.003 0.008 0.003 0.001 0.007
 0.007 0.009 0.006 0.007 0.008 0.007 0.006 0.01  0.003 0.007 0.009 0.007
 0.005 0.003 0.003 0.003 0.007 0.005 0.004 0.005 0.004 0.006 0.006 0.008
 0.007 0.009 0.006 0.007 0.009 0.011 0.006 0.006 0.006 0.003 0.005 0.002
 0.006 0.006 0.006 0.012 0.005 0.005 0.005 0.009 0.005 0.004 0.004 0.007
 0.004 0.006 0.007 0.003 0.008 0.005 0.007 0.007 0.01  0.01  0.007 0.003
 0.    0.007 0.003 0.006 0.006 0.013 0.01  0.007 0.006 0.004 0.005 0.004
 0.007 0.01  0.007 0.002 0.006 0.004 0.006 0.004 0.003 0.002 0.006 0.005
 0.007 0.008 0.007 0.006]"
33,/home/jmhare1/gatewayPlacement/lora_graph_gw/Pre_Study/ConnectedComponent/files/sensors_transmissionrange_Max_Sensors1650.json,0.006150000000000001,"[0.007 0.008 0.012 0.005 0.007 0.007 0.006 0.004 0.013 0.004 0.008 0.009
 0.003 0.008 0.008 0.006 0.008 0.006 0.005 0.006 0.004 0.001 0.004 0.005
 0.008 0.006 0.01  0.003 0.006 0.008 0.002 0.006 0.005 0.005 0.006 0.006
 0.004 0.005 0.008 0.003 0.007 0.006 0.003 0.006 0.008 0.003 0.009 0.006
 0.007 0.007 0.006 0.004 0.003 0.004 0.007 0.005 0.006 0.004 0.004 0.008
 0.006 0.003 0.007 0.012 0.006 0.005 0.006 0.006 0.009 0.005 0.008 0.005
 0.002 0.003 0.007 0.002 0.001 0.006 0.008 0.006 0.008 0.01  0.005 0.009
 0.008 0.006 0.005 0.005 0.004 0.01  0.009 0.004 0.009 0.002 0.012 0.004
 0.006 0.006 0.011 0.011]"
34,/home/jmhare1/gatewayPlacement/lora_graph_gw/Pre_Study/ConnectedComponent/files/sensors_transmissionrange_Max_Sensors1100.json,0.0056500000000000005,"[0.003 0.004 0.008 0.003 0.004 0.008 0.01  0.004 0.008 0.008 0.003 0.004
 0.007 0.008 0.005 0.004 0.008 0.008 0.007 0.004 0.005 0.005 0.003 0.003
 0.005 0.006 0.009 0.004 0.007 0.003 0.007 0.007 0.005 0.007 0.004 0.007
 0.003 0.006 0.005 0.006 0.003 0.005 0.006 0.006 0.008 0.006 0.005 0.004
 0.003 0.005 0.008 0.005 0.003 0.003 0.004 0.009 0.005 0.004 0.004 0.002
 0.004 0.004 0.009 0.007 0.006 0.007 0.006 0.009 0.008 0.003 0.006 0.011
 0.003 0.007 0.005 0.008 0.007 0.005 0.006 0.005 0.005 0.005 0.004 0.006
 0.004 0.006 0.008 0.005 0.003 0.006 0.013 0.003 0.005 0.008 0.003 0.011
 0.005 0.002 0.006 0.008]"
35,/home/jmhare1/gatewayPlacement/lora_graph_gw/Pre_Study/ConnectedComponent/files/sensors_transmissionrange_Max_Sensors1200.json,0.005890000000000001,"[0.006 0.003 0.006 0.004 0.007 0.009 0.003 0.009 0.005 0.006 0.005 0.009
 0.006 0.005 0.006 0.002 0.005 0.007 0.003 0.002 0.005 0.004 0.005 0.005
 0.004 0.004 0.007 0.005 0.002 0.004 0.006 0.004 0.005 0.01  0.008 0.006
 0.005 0.007 0.006 0.008 0.006 0.003 0.    0.008 0.011 0.007 0.009 0.003
 0.007 0.005 0.007 0.007 0.008 0.009 0.007 0.009 0.007 0.01  0.008 0.006
 0.008 0.005 0.004 0.007 0.004 0.006 0.005 0.008 0.008 0.007 0.007 0.006
 0.006 0.002 0.005 0.007 0.005 0.001 0.006 0.006 0.006 0.004 0.005 0.008
 0.006 0.004 0.005 0.006 0.009 0.008 0.006 0.007 0.004 0.006 0.006 0.006
 0.006 0.01  0.007 0.002]"
36,/home/jmhare1/gatewayPlacement/lora_graph_gw/Pre_Study/ConnectedComponent/files/sensors_transmissionrange_Max_Sensors1400.json,0.0058,"[0.005 0.008 0.006 0.007 0.01  0.011 0.005 0.006 0.008 0.003 0.006 0.005
 0.006 0.008 0.007 0.007 0.004 0.003 0.005 0.006 0.003 0.007 0.007 0.005
 0.008 0.005 0.003 0.007 0.007 0.009 0.009 0.008 0.007 0.004 0.003 0.005
 0.006 0.007 0.004 0.01  0.006 0.005 0.006 0.008 0.006 0.002 0.01  0.005
 0.006 0.006 0.003 0.004 0.004 0.005 0.004 0.006 0.007 0.011 0.005 0.009
 0.007 0.007 0.008 0.003 0.007 0.005 0.007 0.003 0.001 0.005 0.009 0.005
 0.004 0.001 0.009 0.006 0.004 0.004 0.008 0.006 0.005 0.005 0.008 0.005
 0.007 0.004 0.003 0.003 0.003 0.007 0.009 0.003 0.01  0.01  0.006 0.004
 0.002 0.003 0.002 0.004]"
37,/home/jmhare1/gatewayPlacement/lora_graph_gw/Pre_Study/ConnectedComponent/files/sensors_transmissionrange_Max_Sensors350.json,0.006410000000000002,"[0.009 0.009 0.011 0.008 0.005 0.005 0.008 0.006 0.005 0.007 0.005 0.011
 0.008 0.003 0.006 0.006 0.007 0.006 0.007 0.007 0.009 0.005 0.008 0.005
 0.005 0.009 0.009 0.005 0.007 0.01  0.007 0.006 0.006 0.013 0.005 0.007
 0.006 0.004 0.005 0.003 0.002 0.007 0.002 0.005 0.009 0.004 0.004 0.005
 0.001 0.006 0.002 0.008 0.006 0.007 0.004 0.004 0.009 0.006 0.006 0.006
 0.01  0.008 0.004 0.007 0.005 0.007 0.008 0.008 0.01  0.002 0.006 0.005
 0.007 0.008 0.01  0.01  0.008 0.005 0.011 0.003 0.004 0.006 0.011 0.006
 0.008 0.012 0.002 0.005 0.006 0.004 0.007 0.002 0.006 0.004 0.007 0.002
 0.007 0.006 0.01  0.008]"
38,/home/jmhare1/gatewayPlacement/lora_graph_gw/Pre_Study/ConnectedComponent/files/sensors_transmissionrange_Max_Sensors1550.json,0.005600000000000001,"[0.006 0.006 0.007 0.006 0.001 0.004 0.005 0.004 0.009 0.006 0.001 0.01
 0.007 0.006 0.009 0.007 0.006 0.003 0.004 0.006 0.004 0.006 0.006 0.003
 0.007 0.006 0.003 0.005 0.007 0.003 0.009 0.011 0.005 0.009 0.003 0.005
 0.005 0.007 0.002 0.006 0.005 0.009 0.002 0.007 0.003 0.005 0.01  0.004
 0.005 0.006 0.007 0.004 0.007 0.009 0.001 0.005 0.005 0.001 0.005 0.008
 0.004 0.006 0.01  0.009 0.008 0.007 0.005 0.008 0.004 0.009 0.005 0.001
 0.005 0.005 0.006 0.007 0.002 0.003 0.007 0.005 0.003 0.009 0.005 0.003
 0.008 0.007 0.003 0.005 0.006 0.006 0.005 0.008 0.006 0.011 0.005 0.004
 0.004 0.004 0.006 0.003]"
39,/home/jmhare1/gatewayPlacement/lora_graph_gw/Pre_Study/ConnectedComponent/files/sensors_transmissionrange_Max_Sensors1750.json,0.005580000000000001,"[0.004 0.006 0.011 0.007 0.006 0.006 0.006 0.007 0.002 0.003 0.005 0.008
 0.009 0.005 0.003 0.005 0.009 0.009 0.006 0.008 0.002 0.007 0.004 0.005
 0.007 0.003 0.007 0.007 0.004 0.007 0.007 0.005 0.007 0.003 0.008 0.004
 0.007 0.007 0.004 0.006 0.006 0.004 0.006 0.006 0.01  0.004 0.002 0.005
 0.003 0.007 0.004 0.007 0.004 0.006 0.002 0.009 0.007 0.005 0.004 0.005
 0.006 0.007 0.003 0.01  0.005 0.004 0.004 0.006 0.004 0.006 0.009 0.008
 0.003 0.006 0.004 0.013 0.004 0.003 0.001 0.008 0.003 0.009 0.001 0.005
 0.008 0.001 0.005 0.003 0.007 0.004 0.007 0.008 0.004 0.004 0.006 0.006
 0.006 0.003 0.005 0.007]"
40,/home/jmhare1/gatewayPlacement/lora_graph_gw/Pre_Study/ConnectedComponent/files/sensors_transmissionrange_Max_Sensors3000.json,0.005810000000000001,"[0.004 0.007 0.006 0.007 0.004 0.005 0.005 0.005 0.008 0.005 0.005 0.005
 0.    0.004 0.003 0.005 0.003 0.005 0.01  0.004 0.01  0.002 0.003 0.004
 0.01  0.005 0.003 0.007 0.006 0.012 0.006 0.006 0.008 0.007 0.007 0.007
 0.007 0.001 0.003 0.005 0.002 0.004 0.006 0.005 0.006 0.006 0.007 0.006
 0.006 0.006 0.01  0.006 0.011 0.004 0.004 0.004 0.011 0.008 0.012 0.009
 0.004 0.002 0.006 0.007 0.008 0.003 0.004 0.004 0.007 0.008 0.01  0.004
 0.003 0.006 0.008 0.008 0.006 0.005 0.007 0.002 0.006 0.006 0.005 0.005
 0.007 0.005 0.006 0.005 0.006 0.006 0.007 0.008 0.005 0.004 0.007 0.008
 0.006 0.006 0.004 0.005]"
41,/home/jmhare1/gatewayPlacement/lora_graph_gw/Pre_Study/ConnectedComponent/files/sensors_transmissionrange_Max_Sensors1000.json,0.00598,"[0.008 0.006 0.01  0.007 0.005 0.01  0.008 0.005 0.006 0.002 0.007 0.005
 0.005 0.006 0.006 0.008 0.006 0.005 0.009 0.001 0.006 0.004 0.007 0.003
 0.002 0.007 0.006 0.009 0.006 0.008 0.013 0.003 0.004 0.007 0.009 0.005
 0.006 0.006 0.007 0.002 0.007 0.005 0.005 0.006 0.006 0.004 0.008 0.006
 0.007 0.004 0.005 0.007 0.009 0.007 0.006 0.009 0.003 0.005 0.006 0.007
 0.002 0.003 0.004 0.004 0.005 0.005 0.006 0.005 0.007 0.007 0.01  0.007
 0.006 0.003 0.004 0.004 0.009 0.006 0.003 0.004 0.004 0.007 0.005 0.006
 0.008 0.004 0.008 0.009 0.009 0.002 0.002 0.005 0.007 0.003 0.01  0.007
 0.009 0.007 0.007 0.008]"
42,/home/jmhare1/gatewayPlacement/lora_graph_gw/Pre_Study/ConnectedComponent/files/sensors_transmissionrange_Max_Sensors2350.json,0.005750000000000001,"[0.006 0.005 0.004 0.005 0.006 0.008 0.008 0.006 0.008 0.01  0.002 0.006
 0.004 0.005 0.01  0.005 0.006 0.004 0.007 0.008 0.003 0.007 0.003 0.001
 0.006 0.004 0.007 0.006 0.008 0.005 0.013 0.008 0.005 0.004 0.006 0.002
 0.004 0.004 0.004 0.001 0.005 0.006 0.005 0.005 0.007 0.006 0.007 0.009
 0.005 0.01  0.004 0.004 0.001 0.003 0.009 0.005 0.008 0.009 0.003 0.004
 0.009 0.007 0.009 0.004 0.006 0.007 0.002 0.005 0.007 0.003 0.005 0.002
 0.004 0.004 0.006 0.005 0.004 0.008 0.007 0.006 0.006 0.007 0.008 0.009
 0.008 0.003 0.003 0.006 0.005 0.004 0.009 0.009 0.006 0.006 0.012 0.006
 0.007 0.002 0.006 0.004]"
43,/home/jmhare1/gatewayPlacement/lora_graph_gw/Pre_Study/ConnectedComponent/files/sensors_transmissionrange_Max_Sensors2500.json,0.005850000000000001,"[0.003 0.007 0.005 0.002 0.006 0.002 0.004 0.003 0.005 0.004 0.    0.006
 0.005 0.004 0.005 0.003 0.004 0.003 0.009 0.007 0.002 0.009 0.011 0.009
 0.007 0.008 0.003 0.007 0.008 0.008 0.004 0.006 0.005 0.005 0.007 0.008
 0.007 0.003 0.009 0.006 0.008 0.007 0.005 0.006 0.003 0.004 0.008 0.006
 0.005 0.004 0.006 0.004 0.004 0.004 0.004 0.005 0.009 0.008 0.007 0.007
 0.001 0.006 0.008 0.007 0.008 0.005 0.004 0.01  0.005 0.005 0.007 0.009
 0.003 0.006 0.004 0.005 0.005 0.004 0.005 0.005 0.007 0.001 0.006 0.004
 0.01  0.009 0.007 0.007 0.005 0.01  0.007 0.014 0.006 0.005 0.006 0.009
 0.008 0.008 0.004 0.007]"
44,/home/jmhare1/gatewayPlacement/lora_graph_gw/Pre_Study/ConnectedComponent/files/sensors_transmissionrange_Max_Sensors550.json,0.005660000000000001,"[0.009 0.002 0.008 0.008 0.011 0.003 0.006 0.004 0.005 0.009 0.003 0.006
 0.004 0.005 0.004 0.011 0.004 0.006 0.006 0.005 0.004 0.004 0.003 0.005
 0.008 0.004 0.012 0.008 0.002 0.005 0.007 0.006 0.005 0.004 0.003 0.009
 0.011 0.005 0.007 0.004 0.002 0.007 0.01  0.007 0.003 0.004 0.004 0.005
 0.013 0.007 0.009 0.004 0.005 0.003 0.008 0.003 0.002 0.006 0.007 0.001
 0.005 0.009 0.009 0.005 0.004 0.006 0.005 0.006 0.003 0.006 0.002 0.004
 0.004 0.    0.007 0.003 0.006 0.01  0.008 0.009 0.005 0.009 0.004 0.005
 0.005 0.005 0.003 0.006 0.005 0.005 0.003 0.007 0.002 0.006 0.011 0.009
 0.008 0.006 0.004 0.002]"
45,/home/jmhare1/gatewayPlacement/lora_graph_gw/Pre_Study/ConnectedComponent/files/sensors_transmissionrange_Max_Sensors1350.json,0.0053300000000000005,"[0.005 0.005 0.007 0.009 0.004 0.004 0.009 0.007 0.009 0.006 0.003 0.006
 0.001 0.009 0.003 0.002 0.005 0.007 0.003 0.003 0.005 0.007 0.004 0.007
 0.006 0.006 0.003 0.009 0.004 0.006 0.003 0.008 0.005 0.006 0.006 0.008
 0.007 0.001 0.004 0.006 0.003 0.005 0.006 0.002 0.006 0.007 0.01  0.006
 0.006 0.002 0.01  0.004 0.007 0.006 0.004 0.002 0.006 0.003 0.004 0.004
 0.009 0.007 0.004 0.006 0.004 0.005 0.005 0.006 0.004 0.003 0.007 0.002
 0.006 0.002 0.005 0.005 0.005 0.005 0.007 0.006 0.005 0.003 0.001 0.008
 0.002 0.004 0.005 0.004 0.007 0.006 0.006 0.005 0.007 0.007 0.004 0.007
 0.01  0.004 0.004 0.01 ]"
46,/home/jmhare1/gatewayPlacement/lora_graph_gw/Pre_Study/ConnectedComponent/files/sensors_transmissionrange_Max_Sensors1850.json,0.005900000000000001,"[0.005 0.008 0.004 0.001 0.009 0.006 0.008 0.008 0.011 0.004 0.007 0.008
 0.008 0.006 0.002 0.007 0.007 0.001 0.004 0.006 0.006 0.008 0.007 0.006
 0.004 0.004 0.009 0.006 0.003 0.005 0.004 0.009 0.007 0.003 0.005 0.007
 0.002 0.003 0.01  0.005 0.006 0.003 0.006 0.007 0.008 0.007 0.006 0.005
 0.008 0.006 0.006 0.002 0.008 0.009 0.007 0.008 0.005 0.002 0.006 0.005
 0.006 0.007 0.008 0.01  0.005 0.007 0.002 0.008 0.009 0.    0.007 0.008
 0.007 0.008 0.009 0.012 0.005 0.003 0.004 0.005 0.003 0.006 0.    0.003
 0.006 0.005 0.006 0.006 0.01  0.009 0.006 0.005 0.004 0.007 0.007 0.002
 0.003 0.004 0.009 0.006]"
47,/home/jmhare1/gatewayPlacement/lora_graph_gw/Pre_Study/ConnectedComponent/files/sensors_transmissionrange_Max_Sensors2200.json,0.006130000000000001,"[0.005 0.004 0.005 0.005 0.004 0.003 0.005 0.006 0.008 0.005 0.006 0.011
 0.002 0.004 0.013 0.012 0.004 0.009 0.009 0.011 0.007 0.006 0.002 0.007
 0.006 0.009 0.011 0.006 0.005 0.004 0.004 0.004 0.007 0.007 0.007 0.002
 0.007 0.008 0.002 0.007 0.007 0.004 0.007 0.004 0.006 0.003 0.003 0.005
 0.007 0.009 0.008 0.004 0.011 0.005 0.009 0.009 0.008 0.005 0.007 0.007
 0.008 0.004 0.002 0.004 0.002 0.003 0.006 0.005 0.004 0.01  0.003 0.008
 0.005 0.003 0.006 0.007 0.006 0.008 0.005 0.003 0.01  0.008 0.008 0.006
 0.005 0.005 0.009 0.006 0.007 0.003 0.007 0.004 0.004 0.007 0.003 0.005
 0.01  0.011 0.01  0.006]"
48,/home/jmhare1/gatewayPlacement/lora_graph_gw/Pre_Study/ConnectedComponent/files/sensors_transmissionrange_Max_Sensors1800.json,0.006020000000000001,"[0.004 0.004 0.007 0.006 0.003 0.005 0.007 0.002 0.005 0.004 0.003 0.007
 0.006 0.006 0.006 0.007 0.01  0.008 0.012 0.008 0.006 0.004 0.004 0.004
 0.008 0.009 0.007 0.004 0.004 0.005 0.006 0.008 0.005 0.007 0.003 0.009
 0.009 0.006 0.005 0.007 0.004 0.006 0.002 0.01  0.007 0.006 0.002 0.004
 0.006 0.006 0.008 0.007 0.005 0.01  0.006 0.006 0.004 0.008 0.008 0.005
 0.008 0.005 0.014 0.01  0.006 0.01  0.005 0.003 0.01  0.006 0.013 0.006
 0.007 0.006 0.004 0.005 0.005 0.003 0.004 0.006 0.008 0.002 0.004 0.005
 0.    0.008 0.008 0.003 0.005 0.002 0.007 0.004 0.01  0.009 0.01  0.003
 0.002 0.005 0.006 0.005]"
49,/home/jmhare1/gatewayPlacement/lora_graph_gw/Pre_Study/ConnectedComponent/files/sensors_transmissionrange_Max_Sensors700.json,0.00576,"[0.004 0.007 0.005 0.005 0.006 0.008 0.003 0.008 0.007 0.004 0.007 0.006
 0.001 0.002 0.008 0.006 0.006 0.01  0.004 0.007 0.006 0.006 0.012 0.006
 0.004 0.006 0.008 0.003 0.007 0.003 0.004 0.004 0.008 0.01  0.008 0.005
 0.002 0.009 0.003 0.007 0.009 0.004 0.006 0.003 0.005 0.003 0.003 0.006
 0.003 0.008 0.008 0.013 0.006 0.002 0.004 0.008 0.005 0.002 0.003 0.009
 0.002 0.008 0.006 0.001 0.01  0.004 0.006 0.008 0.006 0.01  0.007 0.008
 0.006 0.01  0.009 0.007 0.006 0.005 0.007 0.005 0.003 0.011 0.005 0.008
 0.007 0.004 0.006 0.005 0.007 0.006 0.004 0.003 0.003 0.005 0.004 0.004
 0.002 0.005 0.004 0.004]"
50,/home/jmhare1/gatewayPlacement/lora_graph_gw/Pre_Study/ConnectedComponent/files/sensors_transmissionrange_Max_Sensors2900.json,0.0060799999999999995,"[0.007 0.006 0.003 0.002 0.007 0.008 0.006 0.011 0.002 0.004 0.008 0.011
 0.005 0.007 0.012 0.003 0.012 0.009 0.004 0.005 0.006 0.006 0.007 0.007
 0.005 0.005 0.007 0.004 0.008 0.01  0.005 0.008 0.01  0.002 0.003 0.004
 0.008 0.003 0.008 0.008 0.003 0.009 0.005 0.003 0.004 0.005 0.011 0.004
 0.01  0.006 0.001 0.004 0.007 0.005 0.003 0.006 0.006 0.006 0.011 0.005
 0.006 0.006 0.008 0.007 0.004 0.01  0.006 0.008 0.01  0.003 0.006 0.004
 0.    0.008 0.006 0.007 0.005 0.001 0.006 0.005 0.004 0.005 0.004 0.012
 0.009 0.004 0.002 0.003 0.003 0.01  0.002 0.006 0.003 0.009 0.011 0.01
 0.005 0.004 0.008 0.008]"
51,/home/jmhare1/gatewayPlacement/lora_graph_gw/Pre_Study/ConnectedComponent/files/sensors_transmissionrange_Max_Sensors2550.json,0.005849999999999999,"[0.005 0.008 0.006 0.004 0.004 0.001 0.006 0.004 0.009 0.005 0.003 0.007
 0.011 0.007 0.002 0.006 0.006 0.006 0.005 0.005 0.005 0.007 0.004 0.008
 0.01  0.01  0.007 0.005 0.003 0.008 0.002 0.002 0.006 0.004 0.006 0.006
 0.013 0.006 0.006 0.004 0.003 0.006 0.008 0.007 0.006 0.004 0.004 0.005
 0.006 0.005 0.006 0.006 0.008 0.004 0.007 0.009 0.007 0.005 0.003 0.007
 0.004 0.008 0.006 0.005 0.007 0.005 0.005 0.005 0.011 0.009 0.007 0.004
 0.009 0.006 0.006 0.004 0.007 0.008 0.004 0.007 0.004 0.004 0.004 0.007
 0.005 0.006 0.008 0.003 0.008 0.005 0.006 0.007 0.008 0.005 0.003 0.007
 0.005 0.006 0.001 0.008]"
52,/home/jmhare1/gatewayPlacement/lora_graph_gw/Pre_Study/ConnectedComponent/files/sensors_transmissionrange_Max_Sensors1700.json,0.005910000000000001,"[0.006 0.005 0.009 0.006 0.006 0.006 0.002 0.004 0.004 0.011 0.005 0.006
 0.006 0.004 0.009 0.008 0.004 0.009 0.003 0.009 0.007 0.007 0.003 0.002
 0.008 0.009 0.008 0.008 0.005 0.006 0.003 0.005 0.005 0.008 0.004 0.004
 0.006 0.011 0.005 0.004 0.003 0.005 0.007 0.003 0.006 0.006 0.007 0.007
 0.007 0.008 0.001 0.009 0.005 0.004 0.007 0.003 0.009 0.002 0.003 0.004
 0.004 0.016 0.004 0.006 0.008 0.003 0.005 0.01  0.004 0.004 0.003 0.005
 0.003 0.002 0.006 0.008 0.005 0.009 0.007 0.003 0.002 0.006 0.006 0.005
 0.006 0.002 0.011 0.01  0.006 0.004 0.006 0.006 0.003 0.006 0.013 0.007
 0.004 0.01  0.008 0.009]"
53,/home/jmhare1/gatewayPlacement/lora_graph_gw/Pre_Study/ConnectedComponent/files/sensors_transmissionrange_Max_Sensors900.json,0.006410000000000002,"[0.005 0.005 0.003 0.006 0.008 0.003 0.003 0.006 0.005 0.009 0.003 0.007
 0.007 0.007 0.005 0.007 0.007 0.007 0.011 0.009 0.011 0.005 0.004 0.006
 0.005 0.002 0.004 0.003 0.005 0.007 0.007 0.005 0.006 0.004 0.006 0.01
 0.008 0.007 0.008 0.009 0.005 0.007 0.012 0.012 0.004 0.006 0.003 0.004
 0.011 0.01  0.013 0.003 0.006 0.004 0.008 0.005 0.012 0.006 0.006 0.007
 0.006 0.008 0.008 0.005 0.002 0.006 0.007 0.003 0.006 0.006 0.003 0.005
 0.005 0.003 0.008 0.008 0.003 0.004 0.005 0.008 0.005 0.01  0.008 0.006
 0.006 0.009 0.006 0.007 0.008 0.008 0.009 0.008 0.008 0.005 0.008 0.015
 0.003 0.007 0.001 0.006]"
54,/home/jmhare1/gatewayPlacement/lora_graph_gw/Pre_Study/ConnectedComponent/files/sensors_transmissionrange_Max_Sensors1250.json,0.00595,"[0.003 0.006 0.006 0.004 0.006 0.006 0.011 0.01  0.01  0.008 0.005 0.008
 0.009 0.007 0.005 0.008 0.004 0.007 0.005 0.004 0.01  0.004 0.001 0.004
 0.007 0.008 0.006 0.007 0.002 0.006 0.004 0.002 0.004 0.002 0.008 0.004
 0.005 0.005 0.007 0.003 0.008 0.004 0.004 0.003 0.014 0.003 0.004 0.006
 0.005 0.004 0.003 0.004 0.005 0.01  0.009 0.003 0.006 0.004 0.004 0.007
 0.003 0.007 0.007 0.009 0.007 0.006 0.006 0.007 0.004 0.005 0.001 0.006
 0.006 0.004 0.005 0.008 0.008 0.006 0.011 0.011 0.008 0.005 0.005 0.005
 0.01  0.003 0.006 0.004 0.003 0.003 0.006 0.007 0.012 0.01  0.004 0.007
 0.004 0.013 0.006 0.006]"
55,/home/jmhare1/gatewayPlacement/lora_graph_gw/Pre_Study/ConnectedComponent/files/sensors_transmissionrange_Max_Sensors2800.json,0.00557,"[0.006 0.005 0.005 0.004 0.006 0.005 0.005 0.006 0.011 0.011 0.003 0.007
 0.005 0.006 0.004 0.009 0.003 0.006 0.006 0.    0.003 0.008 0.006 0.005
 0.004 0.003 0.005 0.005 0.007 0.01  0.005 0.005 0.003 0.002 0.005 0.002
 0.005 0.004 0.005 0.001 0.008 0.008 0.005 0.004 0.005 0.005 0.005 0.004
 0.01  0.006 0.004 0.006 0.005 0.01  0.005 0.007 0.005 0.006 0.005 0.009
 0.005 0.006 0.006 0.005 0.006 0.008 0.005 0.005 0.006 0.008 0.004 0.007
 0.005 0.004 0.011 0.004 0.007 0.007 0.004 0.006 0.006 0.007 0.006 0.004
 0.003 0.005 0.002 0.009 0.004 0.004 0.007 0.007 0.005 0.006 0.003 0.003
 0.007 0.009 0.008 0.005]"
56,/home/jmhare1/gatewayPlacement/lora_graph_gw/Pre_Study/ConnectedComponent/files/sensors_transmissionrange_Max_Sensors2250.json,0.006480000000000001,"[0.004 0.001 0.006 0.008 0.01  0.009 0.006 0.007 0.011 0.007 0.014 0.007
 0.003 0.008 0.003 0.005 0.006 0.008 0.007 0.007 0.003 0.009 0.004 0.003
 0.005 0.007 0.004 0.009 0.005 0.008 0.005 0.004 0.006 0.004 0.004 0.009
 0.004 0.001 0.006 0.008 0.006 0.007 0.013 0.007 0.008 0.01  0.009 0.004
 0.004 0.007 0.006 0.006 0.005 0.004 0.008 0.006 0.004 0.008 0.01  0.007
 0.01  0.003 0.009 0.006 0.006 0.002 0.01  0.01  0.009 0.004 0.007 0.011
 0.007 0.004 0.006 0.007 0.002 0.006 0.003 0.005 0.006 0.007 0.013 0.006
 0.011 0.005 0.005 0.009 0.008 0.005 0.008 0.003 0.008 0.004 0.007 0.004
 0.009 0.006 0.008 0.005]"
57,/home/jmhare1/gatewayPlacement/lora_graph_gw/Pre_Study/ConnectedComponent/files/sensors_transmissionrange_Max_Sensors600.json,0.006250000000000001,"[0.007 0.012 0.01  0.008 0.007 0.004 0.006 0.013 0.007 0.007 0.007 0.008
 0.011 0.006 0.004 0.005 0.008 0.004 0.009 0.004 0.006 0.003 0.005 0.008
 0.009 0.011 0.01  0.006 0.003 0.005 0.006 0.012 0.009 0.009 0.007 0.006
 0.006 0.005 0.004 0.006 0.007 0.004 0.004 0.007 0.002 0.007 0.009 0.003
 0.004 0.007 0.008 0.005 0.01  0.006 0.    0.006 0.004 0.004 0.004 0.003
 0.007 0.005 0.006 0.006 0.004 0.008 0.005 0.007 0.002 0.004 0.006 0.007
 0.006 0.005 0.004 0.007 0.01  0.002 0.006 0.01  0.005 0.01  0.004 0.006
 0.004 0.005 0.011 0.007 0.003 0.009 0.006 0.009 0.004 0.009 0.005 0.004
 0.004 0.004 0.007 0.005]"
58,/home/jmhare1/gatewayPlacement/lora_graph_gw/Pre_Study/ConnectedComponent/files/sensors_transmissionrange_Max_Sensors1950.json,0.0058200000000000005,"[0.008 0.009 0.004 0.004 0.006 0.006 0.005 0.008 0.004 0.003 0.006 0.007
 0.01  0.005 0.003 0.005 0.009 0.007 0.006 0.003 0.006 0.005 0.002 0.005
 0.006 0.009 0.009 0.005 0.007 0.006 0.006 0.005 0.008 0.006 0.004 0.006
 0.007 0.002 0.012 0.007 0.006 0.009 0.008 0.002 0.005 0.006 0.007 0.008
 0.004 0.004 0.    0.005 0.004 0.007 0.007 0.003 0.001 0.007 0.006 0.004
 0.005 0.002 0.005 0.006 0.006 0.007 0.014 0.005 0.007 0.009 0.009 0.007
 0.005 0.005 0.005 0.006 0.002 0.004 0.007 0.008 0.005 0.003 0.012 0.003
 0.007 0.005 0.003 0.003 0.008 0.008 0.006 0.004 0.006 0.008 0.004 0.013
 0.003 0.004 0.004 0.005]"
59,/home/jmhare1/gatewayPlacement/lora_graph_gw/Pre_Study/ConnectedComponent/files/sensors_transmissionrange_Max_Sensors1450.json,0.005900000000000001,"[0.007 0.004 0.004 0.009 0.012 0.003 0.012 0.007 0.009 0.006 0.004 0.01
 0.006 0.009 0.004 0.007 0.005 0.005 0.005 0.006 0.006 0.008 0.008 0.004
 0.005 0.008 0.005 0.005 0.009 0.004 0.006 0.008 0.005 0.009 0.009 0.008
 0.01  0.004 0.006 0.005 0.002 0.004 0.007 0.007 0.005 0.003 0.005 0.005
 0.007 0.007 0.007 0.003 0.004 0.004 0.005 0.009 0.005 0.006 0.006 0.001
 0.009 0.004 0.008 0.004 0.009 0.001 0.007 0.005 0.008 0.007 0.009 0.009
 0.003 0.006 0.006 0.007 0.005 0.003 0.002 0.002 0.006 0.004 0.007 0.001
 0.002 0.005 0.009 0.007 0.006 0.005 0.007 0.005 0.005 0.008 0.008 0.002
 0.006 0.003 0.004 0.008]"
60,/home/jmhare1/gatewayPlacement/lora_graph_gw/Pre_Study/ConnectedComponent/files/sensors_transmissionrange_Max_Sensors1900.json,0.006020000000000001,"[0.002 0.007 0.006 0.002 0.003 0.006 0.008 0.007 0.005 0.006 0.008 0.003
 0.004 0.004 0.01  0.008 0.001 0.003 0.009 0.011 0.007 0.001 0.004 0.006
 0.005 0.006 0.008 0.006 0.004 0.011 0.005 0.004 0.007 0.008 0.007 0.011
 0.007 0.008 0.008 0.008 0.004 0.006 0.008 0.005 0.009 0.009 0.003 0.005
 0.007 0.006 0.002 0.006 0.004 0.003 0.005 0.004 0.007 0.006 0.003 0.005
 0.009 0.009 0.005 0.006 0.01  0.007 0.003 0.004 0.009 0.003 0.005 0.008
 0.005 0.004 0.009 0.008 0.007 0.006 0.006 0.006 0.007 0.005 0.007 0.007
 0.004 0.003 0.005 0.007 0.003 0.009 0.008 0.006 0.004 0.008 0.007 0.003
 0.009 0.009 0.008 0.003]"
61,/home/jmhare1/gatewayPlacement/lora_graph_gw/Pre_Study/ConnectedComponent/files/sensors_transmissionrange_Max_Sensors1050.json,0.0057399999999999994,"[0.008 0.002 0.005 0.004 0.011 0.008 0.004 0.004 0.005 0.007 0.005 0.008
 0.007 0.004 0.006 0.002 0.01  0.011 0.003 0.008 0.007 0.007 0.003 0.005
 0.007 0.002 0.011 0.009 0.01  0.006 0.005 0.005 0.007 0.004 0.002 0.007
 0.006 0.007 0.006 0.003 0.007 0.004 0.01  0.009 0.003 0.002 0.007 0.003
 0.005 0.006 0.008 0.005 0.006 0.002 0.006 0.008 0.004 0.006 0.007 0.006
 0.005 0.004 0.005 0.003 0.005 0.003 0.006 0.005 0.003 0.006 0.001 0.007
 0.005 0.006 0.005 0.007 0.004 0.008 0.006 0.005 0.002 0.004 0.005 0.009
 0.007 0.006 0.005 0.003 0.004 0.016 0.008 0.006 0.005 0.009 0.006 0.004
 0.004 0.006 0.006 0.005]"
62,/home/jmhare1/gatewayPlacement/lora_graph_gw/Pre_Study/ConnectedComponent/files/sensors_transmissionrange_Max_Sensors1300.json,0.005980000000000001,"[0.004 0.004 0.007 0.005 0.008 0.008 0.003 0.005 0.009 0.01  0.003 0.006
 0.01  0.004 0.007 0.007 0.006 0.009 0.007 0.008 0.007 0.003 0.003 0.005
 0.006 0.007 0.007 0.007 0.01  0.005 0.006 0.007 0.002 0.006 0.006 0.008
 0.006 0.008 0.003 0.008 0.005 0.009 0.004 0.003 0.007 0.004 0.002 0.008
 0.008 0.006 0.007 0.008 0.005 0.003 0.005 0.004 0.006 0.01  0.004 0.011
 0.003 0.003 0.009 0.004 0.005 0.004 0.002 0.007 0.01  0.006 0.006 0.004
 0.008 0.004 0.004 0.005 0.009 0.005 0.009 0.001 0.006 0.007 0.006 0.007
 0.009 0.007 0.004 0.003 0.006 0.007 0.006 0.008 0.006 0.002 0.005 0.011
 0.009 0.004 0.003 0.005]"
63,/home/jmhare1/gatewayPlacement/lora_graph_gw/Pre_Study/ConnectedComponent/files/sensors_transmissionrange_Max_Sensors400.json,0.005810000000000001,"[0.007 0.007 0.007 0.007 0.006 0.006 0.006 0.009 0.004 0.007 0.008 0.007
 0.01  0.006 0.005 0.005 0.01  0.007 0.01  0.005 0.006 0.007 0.004 0.005
 0.006 0.006 0.009 0.005 0.005 0.005 0.003 0.004 0.007 0.002 0.008 0.004
 0.005 0.007 0.005 0.004 0.005 0.003 0.007 0.005 0.004 0.007 0.003 0.003
 0.006 0.007 0.002 0.008 0.005 0.005 0.005 0.01  0.003 0.006 0.004 0.008
 0.008 0.002 0.01  0.008 0.003 0.002 0.006 0.007 0.009 0.004 0.004 0.012
 0.006 0.004 0.006 0.005 0.005 0.004 0.01  0.003 0.002 0.007 0.007 0.005
 0.003 0.004 0.008 0.005 0.004 0.006 0.004 0.004 0.005 0.009 0.006 0.006
 0.009 0.007 0.007 0.003]"
64,/home/jmhare1/gatewayPlacement/lora_graph_gw/Pre_Study/ConnectedComponent/files/sensors_transmissionrange_Max_Sensors1500.json,0.00635,"[0.008 0.001 0.004 0.009 0.007 0.007 0.01  0.003 0.009 0.006 0.011 0.005
 0.008 0.005 0.012 0.003 0.003 0.009 0.006 0.005 0.011 0.006 0.006 0.007
 0.005 0.005 0.004 0.006 0.    0.008 0.006 0.012 0.004 0.001 0.004 0.008
 0.006 0.002 0.005 0.005 0.002 0.009 0.004 0.011 0.006 0.006 0.007 0.009
 0.01  0.002 0.007 0.008 0.005 0.009 0.008 0.005 0.005 0.008 0.009 0.003
 0.01  0.005 0.009 0.009 0.005 0.007 0.003 0.009 0.01  0.003 0.003 0.012
 0.007 0.005 0.014 0.01  0.001 0.005 0.008 0.005 0.005 0.006 0.001 0.004
 0.009 0.003 0.005 0.005 0.007 0.004 0.009 0.005 0.005 0.007 0.011 0.008
 0.005 0.006 0.012 0.003]"
65,/home/jmhare1/gatewayPlacement/lora_graph_gw/Pre_Study/ConnectedComponent/files/sensors_transmissionrange_Max_Sensors2100.json,0.005940000000000001,"[0.004 0.013 0.007 0.01  0.007 0.006 0.004 0.004 0.009 0.003 0.003 0.005
 0.004 0.009 0.004 0.007 0.009 0.004 0.006 0.008 0.003 0.008 0.008 0.013
 0.002 0.005 0.006 0.007 0.005 0.007 0.008 0.005 0.006 0.007 0.007 0.003
 0.003 0.002 0.006 0.007 0.006 0.005 0.008 0.003 0.005 0.008 0.01  0.011
 0.003 0.006 0.004 0.006 0.007 0.005 0.005 0.002 0.003 0.002 0.008 0.002
 0.005 0.005 0.005 0.003 0.006 0.006 0.007 0.009 0.003 0.006 0.004 0.005
 0.008 0.007 0.006 0.008 0.007 0.002 0.006 0.005 0.008 0.005 0.008 0.003
 0.006 0.007 0.006 0.008 0.007 0.007 0.005 0.007 0.008 0.003 0.006 0.011
 0.003 0.003 0.005 0.012]"
66,/home/jmhare1/gatewayPlacement/lora_graph_gw/Pre_Study/ConnectedComponent/files/sensors_transmissionrange_Max_Sensors850.json,0.00549,"[0.002 0.003 0.006 0.005 0.006 0.004 0.008 0.003 0.005 0.004 0.005 0.006
 0.006 0.007 0.003 0.003 0.005 0.006 0.008 0.008 0.006 0.01  0.002 0.004
 0.008 0.004 0.004 0.011 0.005 0.009 0.004 0.009 0.006 0.007 0.006 0.006
 0.008 0.008 0.008 0.005 0.006 0.006 0.004 0.006 0.008 0.005 0.004 0.007
 0.007 0.003 0.006 0.005 0.005 0.004 0.006 0.004 0.007 0.005 0.009 0.004
 0.007 0.004 0.01  0.002 0.002 0.004 0.005 0.007 0.004 0.005 0.008 0.004
 0.002 0.008 0.008 0.005 0.007 0.005 0.006 0.005 0.001 0.002 0.005 0.008
 0.003 0.    0.006 0.007 0.007 0.003 0.008 0.005 0.005 0.005 0.002 0.009
 0.008 0.007 0.003 0.003]"
67,/home/jmhare1/gatewayPlacement/lora_graph_gw/Pre_Study/ConnectedComponent/files/sensors_transmissionrange_Max_Sensors1150.json,0.00547,"[0.004 0.001 0.003 0.001 0.007 0.004 0.003 0.004 0.005 0.01  0.01  0.006
 0.008 0.003 0.004 0.003 0.006 0.012 0.002 0.011 0.004 0.007 0.005 0.01
 0.003 0.005 0.008 0.001 0.003 0.008 0.005 0.006 0.006 0.009 0.01  0.005
 0.006 0.006 0.004 0.003 0.006 0.002 0.002 0.003 0.007 0.003 0.006 0.004
 0.007 0.007 0.012 0.004 0.005 0.008 0.01  0.001 0.006 0.01  0.005 0.006
 0.004 0.004 0.003 0.002 0.006 0.006 0.005 0.01  0.008 0.006 0.006 0.002
 0.006 0.009 0.003 0.004 0.005 0.009 0.005 0.004 0.007 0.006 0.005 0.005
 0.004 0.006 0.006 0.008 0.005 0.005 0.003 0.006 0.003 0.005 0.003 0.006
 0.005 0.004 0.008 0.005]"
68,/home/jmhare1/gatewayPlacement/lora_graph_gw/Pre_Study/ConnectedComponent/files/sensors_transmissionrange_Max_Sensors950.json,0.00628,"[0.005 0.004 0.008 0.005 0.007 0.007 0.006 0.004 0.008 0.003 0.007 0.005
 0.003 0.008 0.011 0.003 0.004 0.006 0.008 0.009 0.007 0.01  0.008 0.011
 0.003 0.011 0.006 0.005 0.007 0.007 0.007 0.003 0.002 0.009 0.004 0.008
 0.009 0.005 0.002 0.008 0.006 0.005 0.005 0.007 0.005 0.006 0.006 0.003
 0.005 0.005 0.008 0.004 0.005 0.006 0.004 0.014 0.009 0.003 0.004 0.004
 0.007 0.006 0.005 0.006 0.004 0.005 0.011 0.003 0.008 0.008 0.007 0.005
 0.011 0.01  0.006 0.007 0.005 0.006 0.01  0.004 0.004 0.008 0.005 0.009
 0.004 0.007 0.008 0.01  0.003 0.007 0.005 0.012 0.004 0.006 0.007 0.003
 0.007 0.009 0.005 0.004]"
69,/home/jmhare1/gatewayPlacement/lora_graph_gw/Pre_Study/ConnectedComponent/files/sensors_transmissionrange_Max_Sensors2000.json,0.005750000000000001,"[0.004 0.006 0.004 0.01  0.005 0.002 0.004 0.001 0.004 0.005 0.008 0.004
 0.007 0.003 0.003 0.003 0.005 0.002 0.009 0.002 0.006 0.006 0.006 0.007
 0.006 0.007 0.01  0.005 0.007 0.008 0.005 0.006 0.005 0.009 0.005 0.007
 0.005 0.005 0.002 0.008 0.003 0.004 0.005 0.006 0.005 0.003 0.007 0.008
 0.005 0.002 0.004 0.007 0.008 0.006 0.009 0.003 0.006 0.006 0.008 0.003
 0.008 0.006 0.002 0.006 0.012 0.008 0.006 0.006 0.005 0.009 0.015 0.008
 0.004 0.002 0.002 0.005 0.007 0.005 0.008 0.011 0.003 0.006 0.004 0.01
 0.008 0.003 0.006 0.007 0.007 0.004 0.007 0.006 0.012 0.003 0.006 0.006
 0.002 0.002 0.008 0.006]"
70,/home/jmhare1/gatewayPlacement/lora_graph_gw/Pre_Study/ConnectedComponent/files/sensors_transmissionrange_Max_Sensors800.json,0.006090000000000001,"[0.004 0.012 0.006 0.007 0.002 0.007 0.008 0.003 0.009 0.003 0.004 0.006
 0.008 0.006 0.004 0.003 0.006 0.007 0.007 0.003 0.004 0.006 0.004 0.005
 0.006 0.008 0.002 0.007 0.008 0.004 0.008 0.004 0.008 0.007 0.004 0.006
 0.004 0.007 0.007 0.01  0.006 0.011 0.001 0.006 0.009 0.006 0.006 0.007
 0.007 0.007 0.008 0.006 0.005 0.009 0.008 0.006 0.005 0.011 0.005 0.011
 0.008 0.013 0.004 0.007 0.01  0.009 0.005 0.006 0.008 0.004 0.003 0.002
 0.005 0.007 0.009 0.005 0.005 0.004 0.003 0.003 0.003 0.006 0.011 0.006
 0.01  0.009 0.005 0.007 0.004 0.005 0.006 0.003 0.007 0.005 0.005 0.004
 0.003 0.005 0.006 0.005]"
71,/home/jmhare1/gatewayPlacement/lora_graph_gw/Pre_Study/ConnectedComponent/files/sensors_transmissionrange_Max_Sensors2650.json,0.006080000000000001,"[0.008 0.005 0.005 0.004 0.005 0.007 0.002 0.011 0.008 0.01  0.009 0.005
 0.005 0.007 0.005 0.005 0.004 0.006 0.011 0.004 0.007 0.01  0.005 0.006
 0.003 0.007 0.008 0.002 0.002 0.005 0.006 0.005 0.008 0.007 0.004 0.003
 0.005 0.007 0.004 0.007 0.008 0.007 0.004 0.006 0.005 0.009 0.006 0.005
 0.008 0.004 0.013 0.007 0.005 0.002 0.008 0.005 0.004 0.007 0.014 0.004
 0.007 0.001 0.007 0.004 0.006 0.001 0.006 0.007 0.006 0.008 0.004 0.007
 0.005 0.002 0.007 0.01  0.003 0.006 0.007 0.008 0.007 0.006 0.008 0.009
 0.007 0.007 0.008 0.01  0.005 0.001 0.005 0.006 0.007 0.006 0.004 0.01
 0.003 0.006 0.005 0.008]"
72,/home/jmhare1/gatewayPlacement/lora_graph_gw/Pre_Study/ConnectedComponent/files/sensors_transmissionrange_Max_Sensors650.json,0.006150000000000001,"[0.006 0.006 0.009 0.006 0.006 0.006 0.007 0.005 0.002 0.004 0.006 0.007
 0.004 0.001 0.01  0.011 0.004 0.008 0.004 0.009 0.002 0.009 0.004 0.007
 0.003 0.005 0.006 0.002 0.006 0.007 0.009 0.006 0.01  0.007 0.007 0.005
 0.007 0.008 0.006 0.003 0.007 0.009 0.007 0.01  0.011 0.005 0.007 0.01
 0.006 0.009 0.008 0.005 0.    0.005 0.006 0.006 0.008 0.004 0.006 0.009
 0.002 0.008 0.004 0.009 0.009 0.006 0.007 0.008 0.006 0.007 0.004 0.007
 0.005 0.005 0.01  0.006 0.006 0.006 0.007 0.006 0.004 0.006 0.003 0.002
 0.006 0.003 0.004 0.01  0.006 0.006 0.004 0.013 0.007 0.002 0.007 0.005
 0.005 0.007 0.003 0.006]"
73,/home/jmhare1/gatewayPlacement/lora_graph_gw/Pre_Study/ConnectedComponent/files/sensors_transmissionrange_Max_Sensors2300.json,0.00636,"[0.001 0.006 0.008 0.007 0.004 0.011 0.007 0.009 0.006 0.009 0.007 0.006
 0.005 0.005 0.005 0.007 0.006 0.009 0.006 0.005 0.006 0.003 0.004 0.006
 0.007 0.004 0.013 0.004 0.007 0.007 0.011 0.005 0.01  0.006 0.009 0.006
 0.006 0.002 0.009 0.005 0.005 0.006 0.006 0.007 0.005 0.005 0.006 0.003
 0.007 0.007 0.006 0.01  0.004 0.009 0.007 0.006 0.005 0.009 0.006 0.003
 0.008 0.004 0.004 0.009 0.007 0.003 0.003 0.007 0.003 0.011 0.005 0.004
 0.006 0.006 0.009 0.008 0.007 0.006 0.01  0.007 0.002 0.005 0.008 0.01
 0.004 0.005 0.011 0.005 0.005 0.004 0.01  0.005 0.007 0.003 0.01  0.006
 0.007 0.006 0.007 0.008]"
74,/home/jmhare1/gatewayPlacement/lora_graph_gw/Pre_Study/ConnectedComponent/files/sensors_transmissionrange_Max_Sensors2050.json,0.006130000000000001,"[0.008 0.01  0.003 0.006 0.01  0.007 0.01  0.008 0.006 0.005 0.006 0.007
 0.006 0.003 0.005 0.002 0.008 0.002 0.006 0.004 0.003 0.006 0.004 0.007
 0.004 0.008 0.008 0.005 0.005 0.006 0.006 0.006 0.004 0.004 0.006 0.007
 0.01  0.005 0.004 0.006 0.004 0.005 0.006 0.008 0.005 0.005 0.008 0.005
 0.01  0.006 0.005 0.008 0.011 0.008 0.001 0.009 0.006 0.008 0.007 0.007
 0.005 0.011 0.007 0.001 0.003 0.006 0.006 0.005 0.005 0.006 0.012 0.007
 0.004 0.006 0.003 0.01  0.005 0.003 0.005 0.004 0.009 0.003 0.009 0.005
 0.009 0.005 0.005 0.006 0.01  0.007 0.006 0.007 0.01  0.008 0.004 0.007
 0.002 0.004 0.011 0.004]"
75,/home/jmhare1/gatewayPlacement/lora_graph_gw/Pre_Study/ConnectedComponent/files/sensors_transmissionrange_Max_Sensors2750.json,0.006150000000000001,"[0.006 0.006 0.002 0.007 0.007 0.007 0.003 0.007 0.004 0.005 0.004 0.009
 0.004 0.007 0.007 0.009 0.009 0.009 0.009 0.006 0.003 0.009 0.009 0.005
 0.007 0.011 0.005 0.008 0.007 0.005 0.004 0.006 0.004 0.006 0.004 0.007
 0.003 0.004 0.006 0.003 0.006 0.003 0.007 0.005 0.006 0.007 0.004 0.009
 0.002 0.007 0.01  0.003 0.007 0.008 0.006 0.007 0.008 0.006 0.008 0.008
 0.008 0.007 0.003 0.007 0.008 0.005 0.004 0.01  0.008 0.005 0.011 0.003
 0.006 0.006 0.005 0.009 0.002 0.01  0.005 0.009 0.008 0.013 0.008 0.007
 0.005 0.004 0.005 0.012 0.007 0.003 0.006 0.003 0.003 0.005 0.005 0.007
 0.004 0.005 0.003 0.001]"
76,/home/jmhare1/gatewayPlacement/lora_graph_gw/Pre_Study/ConnectedComponent/files/sensors_transmissionrange_Max_Sensors450.json,0.005790000000000001,"[0.009 0.002 0.013 0.004 0.005 0.008 0.003 0.002 0.005 0.009 0.005 0.004
 0.004 0.008 0.005 0.005 0.005 0.009 0.006 0.004 0.008 0.008 0.005 0.004
 0.01  0.005 0.006 0.008 0.005 0.005 0.005 0.004 0.004 0.005 0.008 0.005
 0.005 0.007 0.002 0.004 0.003 0.007 0.007 0.002 0.007 0.007 0.005 0.004
 0.006 0.004 0.004 0.008 0.003 0.007 0.004 0.003 0.003 0.004 0.009 0.007
 0.003 0.009 0.008 0.005 0.004 0.003 0.004 0.007 0.006 0.009 0.011 0.003
 0.004 0.003 0.007 0.009 0.006 0.002 0.003 0.008 0.01  0.007 0.007 0.007
 0.009 0.003 0.003 0.006 0.008 0.004 0.009 0.006 0.009 0.008 0.006 0.007
 0.006 0.006 0.004 0.008]"
77,/home/jmhare1/gatewayPlacement/lora_graph_gw/Pre_Study/ConnectedComponent/files/sensors_transmissionrange_Max_Sensors2600.json,0.00578,"[0.007 0.006 0.005 0.003 0.008 0.009 0.007 0.003 0.006 0.011 0.005 0.007
 0.005 0.006 0.007 0.002 0.008 0.004 0.006 0.007 0.007 0.003 0.004 0.002
 0.009 0.009 0.006 0.008 0.002 0.005 0.004 0.005 0.005 0.006 0.011 0.006
 0.004 0.002 0.006 0.008 0.008 0.008 0.009 0.005 0.005 0.004 0.005 0.004
 0.002 0.004 0.004 0.005 0.    0.001 0.005 0.004 0.008 0.004 0.006 0.001
 0.005 0.006 0.007 0.004 0.004 0.003 0.003 0.01  0.007 0.003 0.003 0.011
 0.01  0.004 0.011 0.007 0.006 0.002 0.007 0.008 0.007 0.005 0.008 0.007
 0.004 0.004 0.004 0.009 0.007 0.01  0.003 0.009 0.01  0.006 0.01  0.006
 0.003 0.006 0.002 0.011]"
78,/home/jmhare1/gatewayPlacement/lora_graph_gw/Pre_Study/ConnectedComponent/files/sensors_transmissionrange_Max_Sensors2850.json,0.006060000000000001,"[0.005 0.007 0.007 0.007 0.004 0.002 0.006 0.012 0.009 0.006 0.005 0.005
 0.002 0.005 0.01  0.006 0.006 0.002 0.003 0.004 0.003 0.005 0.004 0.004
 0.005 0.006 0.004 0.007 0.011 0.008 0.008 0.006 0.005 0.004 0.006 0.005
 0.01  0.008 0.007 0.006 0.004 0.003 0.004 0.01  0.006 0.005 0.004 0.013
 0.004 0.006 0.006 0.008 0.005 0.004 0.011 0.008 0.003 0.009 0.005 0.004
 0.004 0.008 0.004 0.006 0.003 0.01  0.002 0.004 0.007 0.005 0.004 0.005
 0.01  0.004 0.006 0.006 0.014 0.009 0.006 0.002 0.007 0.005 0.008 0.008
 0.011 0.007 0.004 0.003 0.004 0.005 0.007 0.004 0.014 0.004 0.005 0.009
 0.005 0.005 0.005 0.01 ]"
79,/home/jmhare1/gatewayPlacement/lora_graph_gw/Pre_Study/ConnectedComponent/files/sensors_transmissionrange_Max_Sensors500.json,0.006070000000000001,"[0.008 0.001 0.009 0.008 0.008 0.005 0.004 0.003 0.005 0.002 0.005 0.005
 0.008 0.009 0.004 0.006 0.002 0.01  0.005 0.004 0.006 0.007 0.003 0.002
 0.008 0.007 0.005 0.006 0.007 0.009 0.008 0.007 0.009 0.003 0.009 0.004
 0.006 0.005 0.01  0.004 0.005 0.004 0.005 0.007 0.007 0.009 0.006 0.004
 0.008 0.007 0.007 0.005 0.006 0.003 0.006 0.009 0.005 0.007 0.008 0.005
 0.005 0.007 0.007 0.004 0.005 0.008 0.007 0.004 0.003 0.007 0.009 0.004
 0.001 0.007 0.008 0.008 0.005 0.003 0.005 0.008 0.006 0.006 0.011 0.005
 0.007 0.007 0.007 0.004 0.005 0.008 0.006 0.005 0.005 0.005 0.006 0.014
 0.008 0.002 0.012 0.004]"
80,/home/jmhare1/gatewayPlacement/lora_graph_gw/Pre_Study/ConnectedComponent/files/sensors_transmissionrange_Max_Sensors2150.json,0.005850000000000001,"[0.005 0.011 0.01  0.002 0.009 0.003 0.009 0.005 0.006 0.001 0.005 0.012
 0.004 0.006 0.004 0.008 0.008 0.004 0.004 0.008 0.004 0.003 0.006 0.002
 0.003 0.    0.008 0.004 0.005 0.008 0.006 0.004 0.004 0.006 0.004 0.005
 0.002 0.008 0.009 0.007 0.007 0.006 0.007 0.008 0.005 0.008 0.005 0.005
 0.011 0.008 0.006 0.007 0.01  0.005 0.005 0.004 0.006 0.002 0.001 0.007
 0.009 0.005 0.004 0.004 0.006 0.004 0.015 0.007 0.006 0.006 0.008 0.006
 0.007 0.006 0.005 0.002 0.003 0.003 0.011 0.002 0.011 0.005 0.006 0.008
 0.002 0.006 0.006 0.007 0.01  0.003 0.005 0.008 0.009 0.002 0.003 0.008
 0.009 0.005 0.003 0.005]"
81,/home/jmhare1/gatewayPlacement/lora_graph_gw/Pre_Study/ConnectedComponent/files/sensors_transmissionrange_Max_Sensors2450.json,0.006270000000000001,"[0.009 0.004 0.005 0.008 0.007 0.008 0.003 0.004 0.002 0.005 0.004 0.003
 0.008 0.003 0.005 0.005 0.013 0.007 0.011 0.013 0.002 0.011 0.007 0.004
 0.009 0.008 0.002 0.009 0.008 0.009 0.006 0.009 0.01  0.004 0.005 0.004
 0.01  0.008 0.008 0.005 0.003 0.008 0.005 0.003 0.009 0.004 0.006 0.006
 0.001 0.005 0.005 0.005 0.003 0.009 0.005 0.001 0.007 0.006 0.003 0.011
 0.001 0.006 0.004 0.007 0.003 0.007 0.003 0.006 0.004 0.007 0.011 0.008
 0.006 0.005 0.008 0.006 0.01  0.006 0.005 0.012 0.007 0.002 0.002 0.003
 0.002 0.012 0.012 0.008 0.006 0.01  0.01  0.009 0.005 0.007 0.005 0.007
 0.007 0.007 0.007 0.004]"
82,/home/jmhare1/gatewayPlacement/lora_graph_gw/Pre_Study/ConnectedComponent/files/sensors_transmissionrange_Max_Sensors2400.json,0.006290000000000001,"[0.01  0.01  0.005 0.    0.003 0.002 0.008 0.004 0.006 0.009 0.007 0.004
 0.004 0.004 0.012 0.006 0.008 0.005 0.004 0.006 0.005 0.007 0.007 0.009
 0.002 0.006 0.004 0.003 0.007 0.006 0.01  0.004 0.006 0.011 0.004 0.007
 0.008 0.003 0.007 0.009 0.008 0.002 0.008 0.004 0.005 0.01  0.007 0.002
 0.005 0.004 0.004 0.011 0.007 0.008 0.01  0.008 0.004 0.007 0.002 0.006
 0.01  0.012 0.007 0.003 0.006 0.007 0.009 0.008 0.009 0.002 0.006 0.006
 0.008 0.014 0.01  0.004 0.005 0.007 0.006 0.006 0.005 0.004 0.005 0.003
 0.005 0.007 0.007 0.002 0.007 0.008 0.008 0.007 0.005 0.005 0.009 0.005
 0.006 0.009 0.01  0.003]"
83,/home/jmhare1/gatewayPlacement/lora_graph_gw/Pre_Study/ConnectedComponent/files/sensors_transmissionrange_Max_Sensors300.json,0.006080000000000001,"[0.006 0.007 0.003 0.008 0.01  0.01  0.004 0.008 0.007 0.006 0.005 0.008
 0.006 0.004 0.009 0.006 0.005 0.004 0.008 0.004 0.006 0.002 0.005 0.005
 0.005 0.005 0.006 0.005 0.007 0.005 0.01  0.008 0.005 0.003 0.005 0.013
 0.008 0.001 0.003 0.006 0.004 0.005 0.008 0.006 0.003 0.002 0.003 0.006
 0.003 0.006 0.006 0.005 0.006 0.009 0.006 0.004 0.007 0.011 0.009 0.009
 0.008 0.006 0.005 0.008 0.007 0.006 0.008 0.005 0.01  0.004 0.004 0.006
 0.01  0.006 0.006 0.012 0.008 0.006 0.004 0.007 0.006 0.004 0.007 0.006
 0.003 0.005 0.005 0.011 0.002 0.004 0.003 0.006 0.007 0.01  0.007 0.002
 0.01  0.004 0.005 0.006]"
84,/home/jmhare1/gatewayPlacement/lora_graph_gw/Pre_Study/ConnectedComponent/files/sensors_transmissionrange_Max_Sensors2700.json,0.006270000000000001,"[0.004 0.002 0.005 0.006 0.006 0.003 0.006 0.006 0.009 0.011 0.01  0.004
 0.011 0.004 0.001 0.002 0.006 0.013 0.006 0.007 0.007 0.008 0.008 0.009
 0.007 0.003 0.009 0.002 0.003 0.006 0.006 0.007 0.006 0.005 0.005 0.004
 0.01  0.006 0.01  0.006 0.009 0.012 0.006 0.003 0.002 0.008 0.005 0.003
 0.007 0.005 0.005 0.006 0.005 0.006 0.004 0.003 0.009 0.005 0.003 0.009
 0.006 0.006 0.007 0.005 0.004 0.007 0.007 0.004 0.008 0.007 0.006 0.007
 0.005 0.007 0.015 0.014 0.005 0.006 0.005 0.005 0.005 0.005 0.003 0.006
 0.01  0.007 0.007 0.008 0.005 0.008 0.004 0.004 0.006 0.008 0.005 0.007
 0.006 0.009 0.004 0.01 ]"
85,/home/jmhare1/gatewayPlacement/lora_graph_gw/Pre_Study/ConnectedComponent/files/sensors_transmissionrange_Max_Sensors2950.json,0.006470000000000001,"[0.011 0.004 0.005 0.002 0.006 0.004 0.004 0.006 0.006 0.007 0.009 0.007
 0.006 0.005 0.005 0.004 0.008 0.006 0.008 0.007 0.006 0.001 0.006 0.004
 0.01  0.009 0.009 0.007 0.005 0.004 0.006 0.006 0.005 0.012 0.007 0.008
 0.011 0.005 0.015 0.008 0.006 0.003 0.004 0.006 0.003 0.005 0.009 0.009
 0.006 0.005 0.008 0.012 0.01  0.002 0.002 0.008 0.008 0.007 0.004 0.009
 0.007 0.005 0.005 0.009 0.009 0.004 0.007 0.008 0.009 0.006 0.007 0.007
 0.01  0.007 0.006 0.005 0.007 0.007 0.004 0.005 0.006 0.003 0.006 0.004
 0.01  0.005 0.01  0.005 0.012 0.006 0.007 0.004 0.01  0.001 0.008 0.002
 0.008 0.007 0.003 0.006]"
86,/home/jmhare1/gatewayPlacement/lora_graph_gw/Pre_Study/ConnectedComponent/files/sensors_transmissionrange_Max_Sensors1600.json,0.006000000000000001,"[0.003 0.009 0.004 0.006 0.003 0.003 0.009 0.007 0.01  0.005 0.009 0.012
 0.007 0.009 0.011 0.006 0.005 0.008 0.006 0.006 0.003 0.002 0.003 0.007
 0.009 0.006 0.005 0.004 0.009 0.011 0.007 0.006 0.005 0.001 0.006 0.005
 0.003 0.009 0.007 0.008 0.003 0.009 0.006 0.009 0.007 0.002 0.005 0.004
 0.005 0.002 0.007 0.011 0.006 0.006 0.004 0.005 0.001 0.004 0.006 0.005
 0.005 0.008 0.005 0.007 0.009 0.006 0.008 0.008 0.005 0.006 0.005 0.002
 0.007 0.005 0.004 0.007 0.007 0.004 0.001 0.006 0.004 0.008 0.004 0.01
 0.004 0.009 0.006 0.008 0.007 0.009 0.008 0.007 0.003 0.006 0.004 0.007
 0.005 0.005 0.003 0.007]"
87,/home/jmhare1/gatewayPlacement/lora_graph_gw/Pre_Study/ConnectedComponent/files/sensors_transmissionrange_Max_Sensors750.json,0.0059700000000000005,"[0.01  0.007 0.006 0.004 0.003 0.005 0.01  0.005 0.008 0.005 0.004 0.003
 0.005 0.008 0.005 0.003 0.007 0.007 0.004 0.009 0.005 0.008 0.01  0.006
 0.009 0.009 0.004 0.006 0.008 0.008 0.006 0.004 0.01  0.008 0.006 0.005
 0.003 0.008 0.011 0.007 0.009 0.01  0.005 0.002 0.002 0.004 0.004 0.007
 0.004 0.005 0.005 0.006 0.006 0.003 0.007 0.01  0.008 0.006 0.007 0.003
 0.004 0.006 0.003 0.007 0.003 0.006 0.007 0.005 0.008 0.004 0.005 0.006
 0.007 0.007 0.004 0.009 0.008 0.007 0.009 0.003 0.003 0.004 0.005 0.006
 0.009 0.003 0.002 0.004 0.01  0.005 0.002 0.01  0.003 0.007 0.005 0.008
 0.005 0.006 0.003 0.007]"
88,/home/jmhare1/gatewayPlacement/lora_graph_gw/Pre_Study/ConnectedComponent/files/sensors_transmissionrange_Max_Sensors1650.json,0.0058000000000000005,"[0.005 0.01  0.003 0.003 0.006 0.005 0.006 0.005 0.007 0.003 0.007 0.003
 0.008 0.006 0.007 0.003 0.005 0.004 0.004 0.008 0.009 0.004 0.011 0.006
 0.005 0.005 0.013 0.005 0.011 0.008 0.006 0.003 0.015 0.006 0.011 0.003
 0.007 0.002 0.007 0.009 0.006 0.006 0.007 0.005 0.005 0.008 0.003 0.005
 0.01  0.01  0.008 0.005 0.006 0.003 0.005 0.003 0.007 0.005 0.006 0.008
 0.009 0.003 0.004 0.004 0.007 0.007 0.005 0.006 0.005 0.005 0.005 0.004
 0.004 0.005 0.005 0.005 0.008 0.002 0.007 0.004 0.003 0.005 0.005 0.003
 0.002 0.006 0.005 0.006 0.005 0.008 0.004 0.008 0.006 0.005 0.007 0.002
 0.005 0.002 0.008 0.006]"
89,/home/jmhare1/gatewayPlacement/lora_graph_gw/Pre_Study/ConnectedComponent/files/sensors_transmissionrange_Max_Sensors1100.json,0.005730000000000001,"[0.004 0.003 0.007 0.006 0.008 0.006 0.008 0.002 0.004 0.007 0.007 0.003
 0.005 0.005 0.004 0.007 0.004 0.003 0.01  0.008 0.005 0.004 0.005 0.004
 0.004 0.005 0.009 0.006 0.006 0.004 0.008 0.005 0.001 0.007 0.003 0.003
 0.007 0.007 0.003 0.005 0.005 0.008 0.005 0.005 0.007 0.011 0.007 0.005
 0.007 0.006 0.004 0.004 0.001 0.004 0.006 0.012 0.005 0.007 0.007 0.008
 0.007 0.008 0.003 0.004 0.009 0.007 0.006 0.003 0.006 0.01  0.005 0.004
 0.006 0.004 0.004 0.006 0.004 0.007 0.006 0.004 0.005 0.004 0.013 0.009
 0.006 0.006 0.005 0.006 0.006 0.005 0.007 0.004 0.006 0.003 0.006 0.006
 0.007 0.008 0.004 0.008]"
90,/home/jmhare1/gatewayPlacement/lora_graph_gw/Pre_Study/ConnectedComponent/files/sensors_transmissionrange_Max_Sensors1200.json,0.006090000000000001,"[0.005 0.004 0.004 0.004 0.003 0.003 0.004 0.007 0.003 0.008 0.007 0.003
 0.003 0.011 0.008 0.007 0.006 0.005 0.005 0.008 0.005 0.004 0.014 0.005
 0.003 0.009 0.003 0.007 0.002 0.005 0.003 0.006 0.007 0.004 0.006 0.005
 0.007 0.007 0.007 0.006 0.007 0.008 0.007 0.003 0.011 0.002 0.001 0.007
 0.004 0.01  0.006 0.01  0.003 0.003 0.004 0.004 0.006 0.006 0.007 0.006
 0.009 0.009 0.005 0.007 0.007 0.012 0.006 0.004 0.007 0.011 0.01  0.009
 0.01  0.008 0.006 0.006 0.003 0.004 0.004 0.007 0.005 0.008 0.007 0.008
 0.009 0.009 0.009 0.007 0.007 0.009 0.002 0.01  0.004 0.004 0.004 0.003
 0.004 0.007 0.004 0.007]"
91,/home/jmhare1/gatewayPlacement/lora_graph_gw/Pre_Study/ConnectedComponent/files/sensors_transmissionrange_Max_Sensors1400.json,0.00576,"[0.009 0.009 0.003 0.009 0.004 0.007 0.005 0.011 0.006 0.01  0.006 0.005
 0.002 0.004 0.003 0.006 0.005 0.01  0.007 0.006 0.007 0.005 0.013 0.009
 0.004 0.004 0.005 0.005 0.005 0.006 0.007 0.004 0.004 0.006 0.008 0.01
 0.005 0.005 0.01  0.01  0.008 0.005 0.004 0.004 0.006 0.001 0.006 0.005
 0.007 0.005 0.007 0.007 0.003 0.003 0.003 0.003 0.004 0.006 0.006 0.005
 0.004 0.005 0.01  0.005 0.005 0.006 0.007 0.006 0.007 0.006 0.01  0.007
 0.007 0.004 0.007 0.007 0.004 0.007 0.003 0.005 0.007 0.009 0.002 0.007
 0.003 0.006 0.005 0.007 0.003 0.003 0.008 0.003 0.006 0.005 0.004 0.003
 0.002 0.004 0.006 0.004]"
92,/home/jmhare1/gatewayPlacement/lora_graph_gw/Pre_Study/ConnectedComponent/files/sensors_transmissionrange_Max_Sensors350.json,0.005840000000000001,"[0.006 0.007 0.006 0.005 0.006 0.003 0.007 0.007 0.004 0.004 0.005 0.007
 0.005 0.006 0.006 0.01  0.007 0.004 0.005 0.004 0.002 0.01  0.008 0.003
 0.005 0.002 0.011 0.009 0.004 0.007 0.006 0.007 0.006 0.011 0.007 0.004
 0.006 0.008 0.003 0.006 0.005 0.006 0.003 0.012 0.003 0.004 0.001 0.004
 0.006 0.009 0.005 0.003 0.004 0.005 0.003 0.01  0.007 0.005 0.002 0.006
 0.007 0.004 0.004 0.003 0.002 0.006 0.008 0.007 0.002 0.007 0.002 0.005
 0.011 0.007 0.004 0.006 0.006 0.007 0.003 0.009 0.006 0.009 0.002 0.005
 0.007 0.006 0.005 0.007 0.006 0.008 0.006 0.008 0.007 0.007 0.004 0.01
 0.007 0.009 0.006 0.007]"
93,/home/jmhare1/gatewayPlacement/lora_graph_gw/Pre_Study/ConnectedComponent/files/sensors_transmissionrange_Max_Sensors1550.json,0.006240000000000001,"[0.008 0.005 0.009 0.011 0.003 0.004 0.009 0.004 0.005 0.007 0.008 0.004
 0.006 0.008 0.006 0.004 0.005 0.003 0.002 0.004 0.007 0.008 0.005 0.007
 0.007 0.002 0.011 0.008 0.007 0.008 0.008 0.006 0.006 0.01  0.006 0.008
 0.005 0.007 0.005 0.005 0.004 0.004 0.006 0.002 0.007 0.003 0.01  0.007
 0.005 0.012 0.003 0.003 0.01  0.005 0.008 0.008 0.007 0.009 0.008 0.007
 0.006 0.002 0.008 0.006 0.008 0.006 0.007 0.008 0.006 0.008 0.01  0.004
 0.008 0.007 0.006 0.005 0.006 0.003 0.005 0.005 0.007 0.005 0.006 0.005
 0.004 0.005 0.007 0.007 0.009 0.009 0.006 0.004 0.005 0.008 0.007 0.005
 0.005 0.006 0.004 0.007]"
94,/home/jmhare1/gatewayPlacement/lora_graph_gw/Pre_Study/ConnectedComponent/files/sensors_transmissionrange_Max_Sensors1750.json,0.005860000000000001,"[0.006 0.008 0.005 0.009 0.005 0.006 0.006 0.002 0.012 0.003 0.002 0.005
 0.008 0.003 0.007 0.007 0.009 0.004 0.011 0.003 0.003 0.005 0.007 0.007
 0.008 0.011 0.002 0.003 0.006 0.007 0.009 0.009 0.003 0.007 0.003 0.005
 0.004 0.005 0.003 0.007 0.005 0.002 0.009 0.004 0.004 0.006 0.003 0.004
 0.004 0.006 0.003 0.006 0.012 0.004 0.008 0.009 0.006 0.005 0.005 0.007
 0.008 0.003 0.005 0.005 0.003 0.005 0.005 0.009 0.004 0.003 0.005 0.008
 0.006 0.005 0.006 0.003 0.005 0.005 0.01  0.007 0.009 0.007 0.008 0.009
 0.007 0.007 0.007 0.009 0.004 0.003 0.01  0.004 0.007 0.005 0.003 0.01
 0.004 0.006 0.004 0.006]"
95,/home/jmhare1/gatewayPlacement/lora_graph_gw/Pre_Study/ConnectedComponent/files/sensors_transmissionrange_Max_Sensors3000.json,0.006160000000000001,"[0.006 0.005 0.004 0.005 0.001 0.006 0.008 0.004 0.006 0.004 0.004 0.004
 0.002 0.009 0.005 0.005 0.006 0.006 0.005 0.004 0.007 0.007 0.01  0.008
 0.009 0.005 0.005 0.008 0.008 0.006 0.009 0.008 0.006 0.003 0.007 0.005
 0.006 0.003 0.002 0.005 0.007 0.006 0.005 0.006 0.009 0.005 0.005 0.012
 0.008 0.007 0.007 0.005 0.01  0.005 0.003 0.006 0.011 0.004 0.002 0.005
 0.007 0.006 0.005 0.004 0.008 0.01  0.011 0.006 0.006 0.006 0.006 0.005
 0.01  0.002 0.008 0.005 0.006 0.01  0.008 0.005 0.006 0.007 0.008 0.002
 0.007 0.003 0.007 0.008 0.006 0.002 0.01  0.005 0.007 0.008 0.003 0.009
 0.007 0.012 0.008 0.003]"
96,/home/jmhare1/gatewayPlacement/lora_graph_gw/Pre_Study/ConnectedComponent/files/sensors_transmissionrange_Max_Sensors1000.json,0.006050000000000001,"[0.011 0.004 0.003 0.004 0.007 0.007 0.003 0.005 0.006 0.004 0.011 0.002
 0.006 0.004 0.005 0.01  0.006 0.007 0.007 0.008 0.003 0.001 0.006 0.007
 0.008 0.008 0.003 0.009 0.007 0.002 0.002 0.006 0.006 0.006 0.004 0.009
 0.005 0.006 0.004 0.005 0.005 0.003 0.003 0.001 0.007 0.007 0.006 0.004
 0.002 0.003 0.009 0.008 0.005 0.014 0.005 0.007 0.009 0.004 0.006 0.005
 0.008 0.007 0.006 0.007 0.006 0.004 0.008 0.006 0.005 0.004 0.006 0.007
 0.007 0.006 0.008 0.008 0.012 0.006 0.006 0.008 0.006 0.008 0.007 0.003
 0.009 0.009 0.003 0.004 0.008 0.007 0.006 0.008 0.011 0.004 0.007 0.005
 0.013 0.003 0.002 0.007]"
97,/home/jmhare1/gatewayPlacement/lora_graph_gw/Pre_Study/ConnectedComponent/files/sensors_transmissionrange_Max_Sensors2350.json,0.00559,"[0.004 0.002 0.006 0.006 0.005 0.004 0.003 0.009 0.007 0.005 0.01  0.003
 0.004 0.001 0.006 0.008 0.008 0.003 0.006 0.004 0.005 0.003 0.003 0.003
 0.007 0.011 0.009 0.005 0.007 0.008 0.009 0.005 0.008 0.004 0.009 0.004
 0.007 0.004 0.005 0.006 0.005 0.004 0.004 0.005 0.006 0.003 0.007 0.01
 0.006 0.006 0.005 0.006 0.003 0.006 0.009 0.004 0.004 0.004 0.004 0.007
 0.003 0.006 0.007 0.007 0.001 0.008 0.006 0.014 0.008 0.008 0.002 0.006
 0.004 0.003 0.005 0.006 0.006 0.01  0.004 0.004 0.005 0.01  0.006 0.009
 0.004 0.005 0.001 0.004 0.003 0.007 0.006 0.001 0.006 0.005 0.003 0.003
 0.007 0.006 0.009 0.007]"
98,/home/jmhare1/gatewayPlacement/lora_graph_gw/Pre_Study/ConnectedComponent/files/sensors_transmissionrange_Max_Sensors2500.json,0.005840000000000001,"[0.005 0.004 0.007 0.004 0.004 0.004 0.008 0.008 0.002 0.003 0.01  0.002
 0.003 0.007 0.008 0.011 0.012 0.004 0.006 0.002 0.006 0.006 0.009 0.005
 0.009 0.008 0.005 0.004 0.009 0.003 0.006 0.002 0.004 0.003 0.004 0.007
 0.006 0.008 0.005 0.009 0.005 0.001 0.011 0.006 0.004 0.005 0.005 0.009
 0.012 0.003 0.005 0.007 0.007 0.009 0.007 0.008 0.01  0.008 0.004 0.006
 0.002 0.003 0.001 0.008 0.006 0.003 0.004 0.009 0.004 0.008 0.007 0.004
 0.009 0.004 0.003 0.008 0.008 0.011 0.003 0.002 0.005 0.006 0.004 0.008
 0.005 0.01  0.007 0.008 0.003 0.004 0.004 0.006 0.003 0.003 0.002 0.005
 0.01  0.009 0.004 0.007]"
99,/home/jmhare1/gatewayPlacement/lora_graph_gw/Pre_Study/ConnectedComponent/files/sensors_transmissionrange_Max_Sensors550.json,0.00607,"[0.004 0.006 0.006 0.008 0.004 0.002 0.004 0.005 0.007 0.007 0.003 0.007
 0.007 0.001 0.003 0.008 0.008 0.002 0.01  0.007 0.009 0.007 0.003 0.008
 0.002 0.005 0.005 0.005 0.006 0.008 0.012 0.011 0.004 0.002 0.015 0.007
 0.008 0.009 0.006 0.007 0.009 0.01  0.004 0.007 0.002 0.007 0.007 0.005
 0.003 0.009 0.004 0.006 0.005 0.006 0.004 0.008 0.006 0.006 0.007 0.005
 0.005 0.003 0.015 0.006 0.007 0.005 0.007 0.007 0.004 0.006 0.005 0.008
 0.003 0.004 0.003 0.006 0.008 0.008 0.003 0.006 0.008 0.007 0.007 0.008
 0.004 0.002 0.006 0.007 0.005 0.005 0.007 0.007 0.011 0.002 0.003 0.011
 0.005 0.004 0.006 0.005]"
100,/home/jmhare1/gatewayPlacement/lora_graph_gw/Pre_Study/ConnectedComponent/files/sensors_transmissionrange_Max_Sensors1350.json,0.0060999999999999995,"[0.006 0.008 0.01  0.008 0.007 0.001 0.006 0.006 0.005 0.005 0.01  0.007
 0.009 0.009 0.004 0.003 0.003 0.008 0.005 0.006 0.011 0.005 0.002 0.011
 0.005 0.005 0.01  0.005 0.004 0.005 0.005 0.004 0.004 0.007 0.006 0.004
 0.005 0.008 0.009 0.007 0.006 0.002 0.005 0.006 0.006 0.007 0.006 0.009
 0.006 0.011 0.005 0.002 0.007 0.004 0.006 0.005 0.002 0.002 0.005 0.007
 0.007 0.007 0.002 0.007 0.009 0.007 0.008 0.007 0.01  0.008 0.006 0.008
 0.005 0.003 0.009 0.005 0.007 0.005 0.005 0.007 0.004 0.012 0.01  0.005
 0.005 0.002 0.002 0.009 0.006 0.004 0.006 0.003 0.007 0.006 0.008 0.007
 0.004 0.01  0.005 0.006]"
101,/home/jmhare1/gatewayPlacement/lora_graph_gw/Pre_Study/ConnectedComponent/files/sensors_transmissionrange_Max_Sensors1850.json,0.005870000000000001,"[0.003 0.005 0.003 0.009 0.006 0.006 0.005 0.007 0.004 0.004 0.007 0.012
 0.009 0.007 0.004 0.007 0.006 0.007 0.005 0.009 0.007 0.009 0.003 0.008
 0.005 0.004 0.006 0.007 0.009 0.009 0.005 0.004 0.005 0.01  0.007 0.012
 0.006 0.004 0.003 0.007 0.005 0.006 0.009 0.01  0.006 0.009 0.007 0.003
 0.007 0.007 0.01  0.006 0.007 0.004 0.006 0.007 0.001 0.005 0.003 0.009
 0.007 0.006 0.004 0.004 0.007 0.009 0.004 0.007 0.003 0.004 0.003 0.004
 0.005 0.005 0.006 0.004 0.003 0.004 0.004 0.002 0.004 0.005 0.005 0.007
 0.005 0.002 0.008 0.006 0.008 0.006 0.008 0.005 0.005 0.004 0.004 0.009
 0.007 0.003 0.002 0.007]"
102,/home/jmhare1/gatewayPlacement/lora_graph_gw/Pre_Study/ConnectedComponent/files/sensors_transmissionrange_Max_Sensors2200.json,0.00578,"[0.01  0.007 0.008 0.007 0.004 0.002 0.005 0.003 0.004 0.008 0.005 0.004
 0.006 0.007 0.003 0.002 0.007 0.005 0.007 0.006 0.002 0.004 0.006 0.009
 0.006 0.005 0.006 0.011 0.005 0.004 0.005 0.006 0.008 0.006 0.004 0.009
 0.004 0.007 0.006 0.006 0.003 0.006 0.007 0.005 0.01  0.003 0.007 0.008
 0.004 0.006 0.004 0.007 0.005 0.004 0.007 0.006 0.006 0.002 0.006 0.009
 0.003 0.003 0.007 0.008 0.003 0.005 0.012 0.007 0.006 0.005 0.009 0.008
 0.007 0.01  0.004 0.006 0.007 0.004 0.005 0.005 0.005 0.007 0.003 0.005
 0.009 0.003 0.002 0.004 0.01  0.006 0.007 0.008 0.005 0.003 0.007 0.008
 0.005 0.002 0.004 0.007]"
103,/home/jmhare1/gatewayPlacement/lora_graph_gw/Pre_Study/ConnectedComponent/files/sensors_transmissionrange_Max_Sensors1800.json,0.00576,"[0.006 0.008 0.005 0.006 0.007 0.005 0.006 0.007 0.005 0.008 0.006 0.003
 0.004 0.006 0.006 0.006 0.006 0.009 0.009 0.003 0.008 0.005 0.006 0.005
 0.009 0.006 0.005 0.008 0.006 0.004 0.007 0.004 0.005 0.004 0.011 0.01
 0.008 0.001 0.004 0.003 0.006 0.009 0.011 0.003 0.005 0.006 0.008 0.006
 0.005 0.006 0.004 0.004 0.004 0.005 0.009 0.005 0.004 0.006 0.006 0.004
 0.003 0.007 0.01  0.006 0.005 0.008 0.003 0.005 0.009 0.006 0.003 0.005
 0.006 0.009 0.005 0.001 0.005 0.001 0.007 0.004 0.005 0.003 0.003 0.006
 0.009 0.005 0.004 0.004 0.008 0.007 0.006 0.003 0.006 0.007 0.004 0.008
 0.008 0.002 0.008 0.006]"
104,/home/jmhare1/gatewayPlacement/lora_graph_gw/Pre_Study/ConnectedComponent/files/sensors_transmissionrange_Max_Sensors700.json,0.006190000000000001,"[0.01  0.008 0.003 0.008 0.008 0.005 0.006 0.01  0.009 0.007 0.006 0.004
 0.008 0.007 0.005 0.007 0.008 0.005 0.004 0.005 0.007 0.004 0.003 0.008
 0.003 0.008 0.004 0.008 0.004 0.007 0.006 0.005 0.009 0.004 0.006 0.006
 0.004 0.005 0.005 0.002 0.003 0.007 0.005 0.002 0.007 0.007 0.004 0.009
 0.007 0.007 0.01  0.002 0.007 0.004 0.003 0.006 0.009 0.01  0.01  0.005
 0.01  0.009 0.008 0.007 0.006 0.008 0.009 0.004 0.004 0.007 0.005 0.007
 0.009 0.003 0.005 0.007 0.01  0.001 0.01  0.005 0.002 0.004 0.008 0.003
 0.006 0.005 0.004 0.004 0.007 0.005 0.006 0.005 0.008 0.008 0.01  0.006
 0.008 0.004 0.01  0.007]"
105,/home/jmhare1/gatewayPlacement/lora_graph_gw/Pre_Study/ConnectedComponent/files/sensors_transmissionrange_Max_Sensors2900.json,0.005960000000000001,"[0.003 0.005 0.011 0.009 0.006 0.003 0.005 0.007 0.005 0.002 0.008 0.005
 0.006 0.008 0.006 0.005 0.004 0.002 0.005 0.009 0.002 0.005 0.007 0.003
 0.006 0.008 0.004 0.007 0.008 0.001 0.004 0.005 0.005 0.005 0.004 0.009
 0.005 0.005 0.006 0.006 0.01  0.002 0.008 0.005 0.006 0.008 0.004 0.007
 0.009 0.004 0.005 0.008 0.01  0.004 0.007 0.007 0.002 0.006 0.007 0.008
 0.005 0.009 0.009 0.006 0.002 0.008 0.008 0.002 0.004 0.002 0.007 0.01
 0.008 0.004 0.008 0.006 0.006 0.011 0.008 0.012 0.003 0.01  0.006 0.007
 0.004 0.004 0.009 0.002 0.006 0.002 0.006 0.004 0.007 0.007 0.002 0.009
 0.008 0.008 0.004 0.007]"
106,/home/jmhare1/gatewayPlacement/lora_graph_gw/Pre_Study/ConnectedComponent/files/sensors_transmissionrange_Max_Sensors2550.json,0.00572,"[0.006 0.006 0.004 0.004 0.009 0.005 0.006 0.004 0.005 0.006 0.007 0.005
 0.01  0.002 0.005 0.003 0.004 0.004 0.007 0.005 0.007 0.005 0.006 0.01
 0.003 0.007 0.006 0.007 0.003 0.007 0.009 0.004 0.008 0.005 0.005 0.006
 0.005 0.004 0.008 0.009 0.006 0.005 0.001 0.003 0.004 0.009 0.007 0.005
 0.005 0.006 0.006 0.002 0.005 0.009 0.003 0.007 0.005 0.004 0.006 0.003
 0.007 0.006 0.008 0.004 0.004 0.009 0.002 0.006 0.007 0.003 0.007 0.006
 0.009 0.007 0.011 0.005 0.004 0.005 0.011 0.004 0.007 0.007 0.004 0.008
 0.004 0.006 0.003 0.005 0.009 0.007 0.005 0.004 0.006 0.007 0.007 0.004
 0.004 0.005 0.005 0.008]"
107,/home/jmhare1/gatewayPlacement/lora_graph_gw/Pre_Study/ConnectedComponent/files/sensors_transmissionrange_Max_Sensors1700.json,0.006160000000000001,"[0.007 0.007 0.008 0.003 0.006 0.003 0.006 0.009 0.009 0.003 0.007 0.004
 0.007 0.007 0.007 0.007 0.007 0.011 0.005 0.005 0.004 0.002 0.008 0.004
 0.007 0.006 0.007 0.009 0.006 0.006 0.004 0.004 0.005 0.003 0.01  0.003
 0.002 0.003 0.007 0.01  0.007 0.006 0.007 0.008 0.008 0.011 0.007 0.004
 0.007 0.006 0.005 0.009 0.002 0.006 0.006 0.006 0.004 0.009 0.007 0.009
 0.006 0.002 0.011 0.008 0.007 0.007 0.006 0.008 0.006 0.006 0.008 0.002
 0.001 0.006 0.002 0.004 0.008 0.006 0.007 0.009 0.007 0.007 0.004 0.003
 0.007 0.014 0.006 0.002 0.006 0.005 0.007 0.005 0.006 0.006 0.008 0.007
 0.006 0.005 0.007 0.006]"
108,/home/jmhare1/gatewayPlacement/lora_graph_gw/Pre_Study/ConnectedComponent/files/sensors_transmissionrange_Max_Sensors900.json,0.006050000000000001,"[0.01  0.007 0.003 0.008 0.007 0.006 0.007 0.008 0.007 0.007 0.002 0.005
 0.006 0.005 0.003 0.007 0.006 0.005 0.005 0.001 0.008 0.005 0.004 0.006
 0.006 0.009 0.006 0.011 0.009 0.007 0.01  0.006 0.005 0.01  0.009 0.003
 0.008 0.008 0.007 0.003 0.003 0.003 0.004 0.006 0.006 0.005 0.001 0.007
 0.007 0.006 0.008 0.007 0.008 0.006 0.005 0.007 0.004 0.003 0.005 0.007
 0.004 0.007 0.006 0.008 0.009 0.009 0.004 0.012 0.004 0.004 0.007 0.008
 0.005 0.006 0.007 0.006 0.009 0.006 0.006 0.002 0.008 0.007 0.004 0.003
 0.005 0.005 0.004 0.002 0.007 0.007 0.004 0.006 0.004 0.006 0.005 0.007
 0.011 0.007 0.005 0.006]"
109,/home/jmhare1/gatewayPlacement/lora_graph_gw/Pre_Study/ConnectedComponent/files/sensors_transmissionrange_Max_Sensors1250.json,0.005410000000000001,"[0.007 0.006 0.01  0.002 0.003 0.003 0.005 0.003 0.007 0.005 0.004 0.006
 0.007 0.003 0.004 0.005 0.007 0.006 0.002 0.005 0.007 0.003 0.007 0.007
 0.003 0.002 0.006 0.005 0.007 0.008 0.009 0.01  0.004 0.005 0.007 0.007
 0.005 0.004 0.01  0.007 0.003 0.007 0.006 0.005 0.009 0.004 0.003 0.008
 0.006 0.003 0.005 0.006 0.008 0.006 0.006 0.004 0.004 0.007 0.004 0.003
 0.008 0.004 0.004 0.005 0.011 0.002 0.004 0.002 0.005 0.005 0.003 0.008
 0.003 0.005 0.007 0.009 0.004 0.006 0.004 0.01  0.008 0.009 0.003 0.008
 0.004 0.004 0.008 0.007 0.005 0.006 0.006 0.003 0.004 0.006 0.002 0.001
 0.005 0.001 0.01  0.002]"
